name,brand,accords,notes,rating,score,source,url
Acqua di Parma Blu Mediterraneo Bergamotto di Calabria Acqua di Parma for women and men,Acqua di Parma,"[['citrus', 100.0], ['fresh spicy', 61.711780130074], ['woody', 51.517106237753], ['aromatic', 50.446227939407]]","{'head': ['Bergamot', 'Citron'], 'heart': ['Ginger', 'Cedar', 'Flowers'], 'base': ['Vetyver', 'Musk', 'Benzoin']}",4.13,0,Fragrantica,https://www.fragrantica.com/perfume/Acqua-di-Parma/Acqua-di-Parma-Blu-Mediterraneo-Bergamotto-di-Calabria-7826.html
Note di Colonia III Acqua di Parma for women and men,Acqua di Parma,"[['amber', 100.0], ['warm spicy', 64.645193939925], ['aromatic', 55.593455374292], ['woody', 51.227276712067], ['citrus', 50.87219171641], ['balsamic', 48.068052312376], ['sweet', 47.92607410123]]","{'head': ['Mandarin Orange', 'Ginger'], 'heart': ['Olibanum', 'Vetiver', 'Jasmine'], 'base': ['Myrhh', 'Labdanum', 'Tonka Bean']}",4.44,0,Fragrantica,https://www.fragrantica.com/perfume/Acqua-di-Parma/Note-di-Colonia-III-39626.html
Acqua di Parma Magnolia Nobile Acqua di Parma for women,Acqua di Parma,"[['citrus', 100.0], ['floral', 70.215743020978], ['white floral', 52.723229853858], ['woody', 46.891049954162], ['aromatic', 46.878970358253]]","{'head': ['Citron', 'Lemon', 'Bergamot'], 'heart': ['Magnolia', 'Jasmine', 'Tuberose', 'Rose'], 'base': ['Vetiver', 'Sandalwood', 'Vanilla', 'Patchouli']}",4.12,0,Fragrantica,https://www.fragrantica.com/perfume/Acqua-di-Parma/Acqua-di-Parma-Magnolia-Nobile-6483.html
Acqua di Parma Blu Mediterraneo Arancia di Capri Acqua di Parma for women and men,Acqua di Parma,"[['citrus', 100.0]]","{'head': ['Orange', 'Sicilian Mandarin', 'Bergamot', 'Lemon'], 'heart': ['Petitgrain', 'Cardamom'], 'base': ['Caramel', 'Musk']}",4.14,0,Fragrantica,https://www.fragrantica.com/perfume/Acqua-di-Parma/Acqua-di-Parma-Blu-Mediterraneo-Arancia-di-Capri-1685.html
Magnolia Nobile Special Edition Acqua di Parma for women,Acqua di Parma,"[['citrus', 100.0], ['floral', 83.498044458193], ['white floral', 77.894920010606], ['woody', 63.618359996465], ['tuberose', 51.491404454658], ['fresh', 48.42109333569], ['rose', 48.42109333569], ['fresh spicy', 47.653515555948], ['aromatic', 46.732422220258]]","{'head': ['Citruses', 'Bergamot', 'Cedar'], 'heart': ['Magnolia', 'Jasmine', 'Tuberose', 'Rose'], 'base': ['Vanilla', 'Patchouli', 'Vetiver', 'Sandalwood']}",3.98,0,Fragrantica,https://www.fragrantica.com/perfume/Acqua-di-Parma/Magnolia-Nobile-Special-Edition-14629.html
Cedro di Taormina Acqua di Parma for women and men,Acqua di Parma,"[['woody', 100.0], ['fresh spicy', 98.762903552272], ['aromatic', 95.344284485376], ['citrus', 90.662888371622], ['green', 60.70337010424], ['lavender', 59.596004959012], ['fresh', 58.505465033903], ['herbal', 51.530525756502]]","{'head': ['Citruses', 'Petitgrain', 'Basil'], 'heart': ['Lavender', 'Black Pepper'], 'base': ['Virginian Cedar', 'Vetiver', 'Labdanum']}",4.17,0,Fragrantica,https://www.fragrantica.com/perfume/Acqua-di-Parma/Cedro-di-Taormina-35398.html
Colonia Oud Acqua di Parma for men,Acqua di Parma,"[['woody', 100.0], ['citrus', 92.082663940412], ['oud', 84.295311815394], ['leather', 79.320383622998], ['aromatic', 74.907258653425], ['fresh spicy', 64.048488389076], ['animalic', 56.963633708193], ['powdery', 53.773428752252], ['balsamic', 48.79801372864], ['musky', 45.358551190302]]","{'head': ['Calabrian bergamot', 'Italian Orange'], 'heart': ['Agarwood (Oud)', 'Amyris', 'Coriander'], 'base': ['Leather', 'Atlas Cedar', 'Sandalwood', 'Musk', 'Indonesian Patchouli Leaf']}",4.2,0,Fragrantica,https://www.fragrantica.com/perfume/Acqua-di-Parma/Colonia-Oud-39468.html
Rosa Nobile Edizione Speciale Acqua di Parma for women,Acqua di Parma,"[['floral', 100.0], ['rose', 97.777752024229], ['citrus', 93.365164719698], ['fresh', 80.79369862167], ['powdery', 72.539634711663], ['violet', 64.920498794734], ['fresh spicy', 64.920498794734], ['woody', 60.000077260647], ['amber', 52.222479757711], ['white floral', 52.222479757711]]","{'head': ['Mandarin Orange', 'Bergamot', 'Pepper'], 'heart': ['Rose', 'Peony', 'Violet', 'Lily-of-the-Valley'], 'base': ['Cedar', 'Ambergris', 'Musk']}",3.95,0,Fragrantica,https://www.fragrantica.com/perfume/Acqua-di-Parma/Rosa-Nobile-Edizione-Speciale-34647.html
Rosa Nobile Hair Mist Acqua di Parma for women,Acqua di Parma,"[['rose', 100.0], ['floral', 98.707081545064], ['citrus', 88.992012398665], ['fresh', 83.192656175489], ['powdery', 77.282427277062], ['fresh spicy', 76.912851692895], ['woody', 67.863018597997], ['white floral', 63.245112064855], ['violet', 63.245112064855], ['musky', 59.551740581784]]","{'head': ['Bergamot', 'Pepper', 'Orange'], 'heart': ['Rose', 'Lily-of-the-Valley', 'Peony', 'Violet'], 'base': ['Cedar', 'Musk', 'Ambergris']}",4.05,0,Fragrantica,https://www.fragrantica.com/perfume/Acqua-di-Parma/Rosa-Nobile-Hair-Mist-53650.html
Colonia Leather Eau de Cologne Concentrée Acqua di Parma for men,Acqua di Parma,"[['leather', 100.0], ['woody', 75.2292201851], ['animalic', 65.235862335926], ['citrus', 64.868828518141], ['smoky', 56.610567617975], ['rose', 55.823846641095]]","{'head': ['Brazilian Orange', 'Raspberry', 'Sicilian Lemon'], 'heart': ['Rose', 'Petitgrain Paraguay', 'Red Thyme', 'Honeysuckle'], 'base': ['Leather', 'Guaiac Wood', 'Atlas Cedar']}",4.42,0,Fragrantica,https://www.fragrantica.com/perfume/Acqua-di-Parma/Colonia-Leather-Eau-de-Cologne-Concentree-25349.html
Colonia Vaniglia Acqua di Parma for men,Acqua di Parma,"[['vanilla', 100.0], ['citrus', 98.599950817944], ['musky', 84.599868847852], ['powdery', 81.380083609494], ['white floral', 77.600032788037], ['sweet', 53.240160661382], ['fresh spicy', 45.400131152148], ['floral', 44.13984097802]]","{'head': ['Mandarin Orange', 'Bergamot'], 'heart': ['Vanilla', 'Jasmine Sambac'], 'base': []}",4.05,0,Fragrantica,https://www.fragrantica.com/perfume/Acqua-di-Parma/Colonia-Vaniglia-50214.html
Sakura Eau de Parfum Acqua di Parma for women and men,Acqua di Parma,"[['floral', 100.0], ['citrus', 72.558801429905], ['musky', 68.524465493294], ['fresh', 63.204535622396], ['white floral', 53.939206266081], ['fruity', 52.21020515039], ['powdery', 49.46178191671]]","{'head': ['Calabrian bergamot', 'Yellow Mandarin', 'Pink Pepper'], 'heart': ['Cherry Blossom', 'Jasmine Sambac'], 'base': []}",3.96,0,Fragrantica,https://www.fragrantica.com/perfume/Acqua-di-Parma/Sakura-Eau-de-Parfum-56007.html
Colonia Club Acqua di Parma for women and men,Acqua di Parma,"[['aromatic', 100.0], ['citrus', 85.239310818118], ['green', 83.686052073369], ['fresh spicy', 80.096961693632], ['lavender', 51.024310610157]]","{'head': ['Mint', 'Bergamot', 'Neroli', 'Lemon', 'Petitgrain', 'Mandarin Orange'], 'heart': ['Lavender', 'Geranium', 'Galbanum'], 'base': ['Haitian Vetiver', 'Ambergris', 'Musk']}",4.03,0,Fragrantica,https://www.fragrantica.com/perfume/Acqua-di-Parma/Colonia-Club-31424.html
Acqua di Parma Blu Mediterraneo - Fico di Amalfi Acqua di Parma for women and men,Acqua di Parma,"[['citrus', 100.0], ['woody', 74.767734591955], ['fruity', 60.06818358774], ['sweet', 51.247362937641], ['fresh spicy', 45.022931783043], ['aromatic', 44.94766659375]]","{'head': ['Grapefruit', 'Bergamot', 'Citron', 'Lemon'], 'heart': ['Fig Nectar', 'Jasmine', 'Pink Pepper'], 'base': ['Fig Tree', 'Cedar', 'Benzoin']}",4.32,0,Fragrantica,https://www.fragrantica.com/perfume/Acqua-di-Parma/Acqua-di-Parma-Blu-Mediterraneo-Fico-di-Amalfi-1687.html
Leather Eau de Parfum Acqua di Parma for women and men,Acqua di Parma,"[['leather', 100.0], ['woody', 92.250159246939], ['citrus', 69.964257909265], ['animalic', 65.97641965697], ['fruity', 65.83315639229], ['smoky', 58.380989454314], ['rose', 57.92849222639], ['sweet', 57.452461839715], ['aromatic', 54.642932974733]]","{'head': ['Raspberry', 'Brazilian Orange', 'Sicilian Lemon'], 'heart': ['Rose', 'Red Thyme', 'Petitgrain', 'Honeysuckle'], 'base': ['Leather', 'Guaiac Wood', 'Cedar']}",4.08,0,Fragrantica,https://www.fragrantica.com/perfume/Acqua-di-Parma/Leather-Eau-de-Parfum-55999.html
Colonia Sandalo Concentrée  Acqua di Parma for men,Acqua di Parma,"[['citrus', 100.0], ['aromatic', 85.070943861814], ['woody', 82.218207455715], ['warm spicy', 80.625716048295], ['lavender', 66.492905613819], ['fresh spicy', 59.426720719133], ['powdery', 58.91248788226], ['amber', 58.530889221821], ['sweet', 47.881378337887], ['vanilla', 44.862518727417]]","{'head': ['Orange', 'Bergamot', 'Lemon', 'Petitgrain'], 'heart': ['Lavender', 'Cardamom'], 'base': ['Sandalwood', 'Tonka Bean', 'Amber']}",4.28,0,Fragrantica,https://www.fragrantica.com/perfume/Acqua-di-Parma/Colonia-Sandalo-Concentree-38166.html
Colonia Ebano Acqua di Parma for men,Acqua di Parma,"[['woody', 100.0], ['warm spicy', 66.04112964284], ['honey', 55.291929434522], ['amber', 53.351510085472], ['aromatic', 53.024634896738], ['citrus', 49.077931001282], ['earthy', 47.006700306787], ['balsamic', 46.047212873692]]","{'head': ['Resins', 'Red Pepper', 'Petitgrain', 'Bergamot'], 'heart': ['Ebony', 'Honey'], 'base': ['Vetiver', 'Patchouli']}",4.02,0,Fragrantica,https://www.fragrantica.com/perfume/Acqua-di-Parma/Colonia-Ebano-43409.html
Mirto Di Panarea Forte Special Edition Eau De Toilette Acqua di Parma for women and men,Acqua di Parma,"[['aromatic', 100.0], ['fresh spicy', 78.368092115159], ['herbal', 59.166578923618], ['citrus', 54.366332240306], ['marine', 48.229144730905], ['woody', 44.097236846064]]","{'head': ['Myrtle', 'Italian Lemon', 'Basil', 'Bergamot'], 'heart': ['Sea Notes', 'Jasmine', 'Damask Rose'], 'base': ['Juniper', 'Mastic or Lentisque', 'Cedar', 'Amber']}",4.37,0,Fragrantica,https://www.fragrantica.com/perfume/Acqua-di-Parma/Mirto-Di-Panarea-Forte-Special-Edition-Eau-De-Toilette-73942.html
Oud and Zagara Acqua di Parma for women and men,Acqua di Parma,"[['citrus', 100.0], ['musky', 89.684391586397], ['white floral', 88.947513269117], ['amber', 85.263121682721], ['yellow floral', 77.895026538235], ['oud', 77.895026538235], ['sweet', 77.526243365441], ['woody', 73.473756634559], ['leather', 72.0], ['warm spicy', 64.447513269117]]","{'head': ['Lemon', 'Nutmeg'], 'heart': ['Orange Blossom', 'Ylang-Ylang', 'Agarwood (Oud)', 'Saffron'], 'base': ['Suede', 'Labdanum', 'Musk', 'Ambergris', 'Vetiver']}",3.7,0,Fragrantica,https://www.fragrantica.com/perfume/Acqua-di-Parma/Oud-and-Zagara-93634.html
Mirto di Panarea Limited Edition Acqua di Parma for women and men,Acqua di Parma,"[['aromatic', 100.0], ['fresh spicy', 69.851632425816], ['citrus', 68.638724319362], ['herbal', 56.683085841543], ['marine', 54.257567128784], ['woody', 51.831750915875]]","{'head': ['Myrtle', 'Italian Lemon', 'Bergamot', 'Basil'], 'heart': ['Sea Notes', 'Jasmine', 'Damask Rose'], 'base': ['Juniper', 'Virginian Cedar', 'Amber', 'Mastic or Lentisque']}",4.0,0,Fragrantica,https://www.fragrantica.com/perfume/Acqua-di-Parma/Mirto-di-Panarea-Limited-Edition-64668.html
Bergamotto di Calabria La Spugnatura Acqua di Parma for women and men,Acqua di Parma,"[['citrus', 100.0], ['fresh spicy', 65.945868650993], ['aromatic', 52.778255943172]]","{'head': [], 'heart': ['Orange', 'Grapefruit', 'Mandarin Orange'], 'base': ['Geranium', 'Fennel']}",4.09,0,Fragrantica,https://www.fragrantica.com/perfume/Acqua-di-Parma/Bergamotto-di-Calabria-La-Spugnatura-66175.html
Colonia Intensa Oud Eau de Cologne Concentree Acqua di Parma for men,Acqua di Parma,"[['oud', 100.0], ['leather', 82.700360280355], ['citrus', 77.093813407375], ['aromatic', 71.471528858962], ['animalic', 59.473911992671], ['fresh', 53.546709982745], ['fresh spicy', 53.418841369852], ['woody', 51.400484495579], ['musky', 50.823698690963], ['smoky', 45.810068739918]]","{'head': [], 'heart': ['Agarwood (Oud)', 'Coriander', 'Amyris'], 'base': ['Leather', 'Musk']}",4.34,0,Fragrantica,https://www.fragrantica.com/perfume/Acqua-di-Parma/Colonia-Intensa-Oud-Eau-de-Cologne-Concentree-15519.html
Vaniglia Eau de Parfum Acqua di Parma for women and men,Acqua di Parma,"[['vanilla', 100.0], ['powdery', 87.390658990369], ['citrus', 66.230649062444], ['white floral', 57.421416091999], ['musky', 52.239233797772], ['woody', 51.280605019442], ['floral', 49.540492794954], ['almond', 46.841411128036]]","{'head': ['Heliotrope', 'Neroli', 'Calabrian bergamot', 'Mandarin Orange'], 'heart': ['Vanilla', 'Jasmine Sambac'], 'base': ['Musk', 'Cedar']}",4.07,0,Fragrantica,https://www.fragrantica.com/perfume/Acqua-di-Parma/Vaniglia-Eau-de-Parfum-56003.html
Acqua di Parma Profumo 2008 Acqua di Parma for women,Acqua di Parma,"[['woody', 100.0], ['amber', 67.80360029741], ['earthy', 67.80360029741], ['floral', 62.19639970259], ['mossy', 57.722767549574], ['yellow floral', 57.722767549574], ['white floral', 55.832372662842], ['rose', 54.887413965989], ['citrus', 53.532766253522], ['patchouli', 53.312164475883]]","{'head': ['Ylang-Ylang', 'Bergamot', 'Peony'], 'heart': ['Jasmine', 'Amber', 'French labdanum', 'Rose'], 'base': ['Oakmoss', 'Patchouli', 'Sandalwood', 'Vetiver', 'Musk']}",4.29,0,Fragrantica,https://www.fragrantica.com/perfume/Acqua-di-Parma/Acqua-di-Parma-Profumo-2008-5069.html
Fico di Amalfi La Riserva Acqua di Parma for women and men,Acqua di Parma,"[['citrus', 100.0], ['fruity', 79.000066850027], ['sweet', 70.250066850027], ['iris', 56.25], ['woody', 50.999933149973], ['amber', 49.250133700053], ['vanilla', 48.375066850027], ['aromatic', 46.624933149973], ['powdery', 45.749866299947]]","{'head': ['Italian Mandarin', 'Blood Orange', 'Grapefruit', 'Lemon'], 'heart': ['Fig', 'Orris', 'Lemon'], 'base': ['Tonka Bean', 'Ambrettolide', 'Orcanox™']}",4.37,0,Fragrantica,https://www.fragrantica.com/perfume/Acqua-di-Parma/Fico-di-Amalfi-La-Riserva-107110.html
Ambra Eau de Parfum Acqua di Parma for women and men,Acqua di Parma,"[['woody', 100.0], ['amber', 78.897604823851], ['citrus', 67.835799229524], ['powdery', 61.102339344537], ['animalic', 56.873653062364], ['musky', 55.891909999442], ['balsamic', 54.629166434035], ['rose', 46.152252805538], ['warm spicy', 45.911897716487], ['earthy', 45.110323265033]]","{'head': ['Orange', 'Calabrian bergamot', 'Petitgrain'], 'heart': ['Cedar', 'Rose', 'Cypriol Oil or Nagarmotha', 'Patchouli'], 'base': ['Ambergris', 'Sandalwood', 'Musk', 'Labdanum', 'Vanilla']}",3.87,0,Fragrantica,https://www.fragrantica.com/perfume/Acqua-di-Parma/Ambra-Eau-de-Parfum-56000.html
Acqua di Parma Blu Mediterraneo - Ginepro di Sardegna Acqua di Parma for women and men,Acqua di Parma,"[['fresh spicy', 100.0], ['aromatic', 79.595919881541], ['woody', 77.703554091375]]","{'head': ['Juniper', 'Allspice', 'Pepper', 'Nutmeg', 'Bergamot'], 'heart': ['Cypress', 'Sage'], 'base': []}",4.21,0,Fragrantica,https://www.fragrantica.com/perfume/Acqua-di-Parma/Acqua-di-Parma-Blu-Mediterraneo-Ginepro-di-Sardegna-23851.html
Colonia Mirra Acqua di Parma for men,Acqua di Parma,"[['amber', 100.0], ['warm spicy', 57.514439553592], ['fresh spicy', 56.381483818912], ['balsamic', 51.404531183844], ['citrus', 50.716705145514], ['patchouli', 49.421858648154], ['sweet', 47.528379814183]]","{'head': ['Orange Blossom', 'Citruses'], 'heart': ['Myrhh', 'Nutmeg'], 'base': ['Amber', 'Patchouli']}",4.16,0,Fragrantica,https://www.fragrantica.com/perfume/Acqua-di-Parma/Colonia-Mirra-44015.html
Colonia C.L.U.B. Acqua di Parma for men,Acqua di Parma,"[['aromatic', 100.0], ['fresh spicy', 96.659123296232], ['citrus', 84.744180321272], ['woody', 60.511639357456], ['green', 56.889069845613], ['musky', 54.674964374145], ['powdery', 46.020698503477]]","{'head': ['Bergamot', 'Lemon', 'Pink Pepper', 'Black Pepper'], 'heart': ['Shiso', 'Rosemary'], 'base': ['Musk', 'Cedar']}",4.03,0,Fragrantica,https://www.fragrantica.com/perfume/Acqua-di-Parma/Colonia-C-L-U-B-72707.html
Chinotto di Liguria Acqua di Parma for women and men,Acqua di Parma,"[['aromatic', 100.0], ['citrus', 90.517180218573], ['fresh spicy', 71.712433609182], ['warm spicy', 57.988570817682], ['woody', 52.503923922076], ['musky', 52.132475496747], ['white floral', 49.870789983916]]","{'head': ['Chinotto', 'Mandarin Orange'], 'heart': ['Rosemary', 'Jasmine', 'Geranium', 'Cardamom'], 'base': ['Musk', 'Patchouli']}",3.89,0,Fragrantica,https://www.fragrantica.com/perfume/Acqua-di-Parma/Chinotto-di-Liguria-48940.html
Acqua di Parma Profumo Acqua di Parma for women,Acqua di Parma,"[['woody', 100.0], ['rose', 89.741491002571], ['yellow floral', 86.72411311054], ['white floral', 81.896692373608], ['floral', 74.655081405313], ['sweet', 60.896452442159], ['aromatic', 49.18971722365], ['earthy', 48.103307626392], ['musky', 47.379194515853], ['powdery', 46.655081405313]]","{'head': ['Ylang-Ylang', 'Peony', 'Bergamot'], 'heart': ['Bulgarian Rose', 'Jasmine', 'Labdanum'], 'base': ['Vetiver', 'Sandalwood', 'Patchouli', 'Musk']}",4.29,0,Fragrantica,https://www.fragrantica.com/perfume/Acqua-di-Parma/Acqua-di-Parma-Profumo-1683.html
Acqua di Parma Blu Mediterraneo - Arancia La Spugnatura Acqua di Parma for women and men,Acqua di Parma,"[['citrus', 100.0], ['sweet', 45.842133336136], ['fresh spicy', 45.578934645692]]","{'head': ['Sicilian Orange', 'Mandarin Orange', 'Lemon'], 'heart': ['Bitter Almond', 'Black Pepper'], 'base': ['Cedar', 'Musk']}",4.1,0,Fragrantica,https://www.fragrantica.com/perfume/Acqua-di-Parma/Acqua-di-Parma-Blu-Mediterraneo-Arancia-La-Spugnatura-80686.html
Acqua di Parma Iris Nobile Acqua di Parma for women,Acqua di Parma,"[['white floral', 100.0], ['powdery', 92.677261939682], ['citrus', 85.520030576962], ['yellow floral', 82.665351146192], ['iris', 78.579948979138], ['tuberose', 75.898864919158], ['sweet', 70.023377154387], ['floral', 67.212252117721], ['woody', 60.228616125792], ['violet', 54.290285592384]]","{'head': ['Iris', 'Star Anise', 'Bergamot', 'Mandarin Orange', 'Orange'], 'heart': ['Tuberose', 'Orange Blossom', 'Mimosa', 'Ylang-Ylang', 'Hibiscus', 'Cedar'], 'base': ['Vanilla', 'Amber']}",4.01,0,Fragrantica,https://www.fragrantica.com/perfume/Acqua-di-Parma/Acqua-di-Parma-Iris-Nobile-1564.html
Iris Nobile 10th Anniversary Special Edition Acqua di Parma for women,Acqua di Parma,"[['powdery', 100.0], ['citrus', 97.231552211081], ['yellow floral', 88.333775612715], ['floral', 79.830733362397], ['sweet', 74.293837784559], ['woody', 73.898440017438], ['white floral', 71.920787762761], ['iris', 69.547737740963], ['soft spicy', 64.209204465758], ['anis', 61.6384555604]]","{'head': ['Iris Flower', 'Star Anise', 'Mandarin Orange', 'Orange', 'Bergamot'], 'heart': ['Ylang-Ylang', 'Mimosa', 'Tuberose', 'Cedar', 'Hibiscus', 'Orange Blossom'], 'base': ['Vanila', 'Amber']}",3.78,0,Fragrantica,https://www.fragrantica.com/perfume/Acqua-di-Parma/Iris-Nobile-10th-Anniversary-Special-Edition-25511.html
Colonia Il Profumo Acqua di Parma for women and men,Acqua di Parma,"[['citrus', 100.0], ['aromatic', 56.198224852071], ['fresh spicy', 49.943375524119], ['woody', 48.345089279883]]","{'head': ['Orange', 'Bergamot', 'Lemon', 'Petitgrain', 'Pineapple'], 'heart': ['Verbena', 'Neroli', 'Lavender', 'Ylang-Ylang', 'Rose'], 'base': ['Moss', 'Vetiver', 'Cedar', 'Patchouli', 'Leather', 'Sandalwood']}",4.18,0,Fragrantica,https://www.fragrantica.com/perfume/Acqua-di-Parma/Colonia-Il-Profumo-100793.html
Magnolia Nobile Special Edition 2016 Acqua di Parma for women,Acqua di Parma,"[['citrus', 100.0], ['woody', 90.135685122097], ['floral', 80.067940082698], ['white floral', 78.435037578342], ['aromatic', 61.836592723585], ['rose', 53.129144670117], ['tuberose', 53.129144670117], ['powdery', 51.360622058097], ['vanilla', 47.687046524328], ['earthy', 45.782448703612]]","{'head': ['Bergamot', 'Lemon', 'Cedar'], 'heart': ['Magnolia', 'Jasmine', 'Rose', 'Tuberose'], 'base': ['Sandalwood', 'Vanilla', 'Vetiver', 'Patchouli']}",3.96,0,Fragrantica,https://www.fragrantica.com/perfume/Acqua-di-Parma/Magnolia-Nobile-Special-Edition-2016-35351.html
Gelsomino Nobile Edizione Speciale Acqua di Parma for women,Acqua di Parma,"[['white floral', 100.0], ['citrus', 62.291569124901], ['tuberose', 54.999981852695], ['musky', 53.749995463174], ['woody', 46.666739255888], ['animalic', 45.625083931287]]","{'head': ['Mandarin Orange', 'Pink Pepper'], 'heart': ['Jasmine', 'Tuberose', 'Orange Blossom'], 'base': ['Musk', 'Cedar']}",3.78,0,Fragrantica,https://www.fragrantica.com/perfume/Acqua-di-Parma/Gelsomino-Nobile-Edizione-Speciale-23906.html
Acqua di Parma Iris Nobile Edizione Speciale 2008 Acqua di Parma for women,Acqua di Parma,"[['iris', 100.0], ['powdery', 91.60031833208], ['citrus', 91.384832001119], ['earthy', 88.692477218267], ['woody', 82.553565494202], ['violet', 65.0], ['vanilla', 60.154006261697], ['mossy', 59.077186783971], ['yellow floral', 57.999755129169], ['patchouli', 55.846116173718]]","{'head': ['Bergamot', 'Mandarin Orange', 'Star Anise'], 'heart': ['Iris', 'Ylang-Ylang'], 'base': ['Vanilla', 'Oakmoss', 'Patchouli']}",4.17,0,Fragrantica,https://www.fragrantica.com/perfume/Acqua-di-Parma/Acqua-di-Parma-Iris-Nobile-Edizione-Speciale-2008-5068.html
Sandalo Eau de Parfum Acqua di Parma for women and men,Acqua di Parma,"[['citrus', 100.0], ['aromatic', 90.907423763324], ['woody', 83.696509597427], ['warm spicy', 79.616979389298], ['lavender', 71.548533248832], ['amber', 64.17196486], ['fresh spicy', 61.672993035376], ['powdery', 59.941882808233], ['vanilla', 48.922337362882], ['sweet', 48.365437126233]]","{'head': ['Calabrian bergamot', 'Orange', 'Lemon', 'Petitgrain'], 'heart': ['Lavender', 'Cardamom'], 'base': ['Sandalwood', 'Tonka Bean', 'Amber']}",3.99,0,Fragrantica,https://www.fragrantica.com/perfume/Acqua-di-Parma/Sandalo-Eau-de-Parfum-56002.html
Acqua di Parma Colonia Edizione Centenario Acqua di Parma for women and men,Acqua di Parma,"[['citrus', 100.0], ['aromatic', 97.54381273969], ['woody', 97.432046326147], ['fresh spicy', 64.386086876805], ['powdery', 57.910586869165], ['white floral', 54.561337835567], ['lavender', 54.561337835567], ['musky', 54.561337835567], ['rose', 54.561337835567], ['earthy', 53.668276062277]]","{'head': ['Lemon', 'Rosemary', 'Citruses', 'Lemon Verbena'], 'heart': ['Jasmine', 'Lavender', 'Rose'], 'base': ['Musk', 'Sandalwood', 'Vetiver', 'Amber', 'Patchouli']}",3.75,0,Fragrantica,https://www.fragrantica.com/perfume/Acqua-di-Parma/Acqua-di-Parma-Colonia-Edizione-Centenario-42460.html
Acqua di parma Blue Mediterraneo - Mirto di Panarea Acqua di Parma for women and men,Acqua di Parma,"[['aromatic', 100.0], ['fresh spicy', 79.110359039657], ['citrus', 68.28672910349], ['herbal', 56.616641814801], ['woody', 50.011225224923], ['marine', 47.401192889574]]","{'head': ['Myrtle', 'Lemon', 'Bergamot', 'Basil'], 'heart': ['Sea Notes', 'Jasmine', 'Rose'], 'base': ['Juniper', 'Cedar', 'Mastic or Lentisque', 'Amber']}",4.11,0,Fragrantica,https://www.fragrantica.com/perfume/Acqua-di-Parma/Acqua-di-parma-Blue-Mediterraneo-Mirto-di-Panarea-3108.html
Lily of the Valley Acqua di Parma for women and men,Acqua di Parma,"[['white floral', 100.0], ['floral', 68.11088941528], ['citrus', 64.888884520498], ['fresh spicy', 61.110958217434], ['fresh', 59.222339076675], ['aromatic', 55.666643732615], ['green', 51.888717429552], ['fruity', 47.666673219253]]","{'head': ['Black Currant', 'Bergamot', 'Grapefruit'], 'heart': ['Lily-of-the-Valley', 'Jasmine', 'Magnolia', 'Geranium'], 'base': ['Musk', 'Cedar']}",3.6,0,Fragrantica,https://www.fragrantica.com/perfume/Acqua-di-Parma/Lily-of-the-Valley-68638.html
Acqua di Parma Colonia Assoluta Edizione Riviera Acqua di Parma for women,Acqua di Parma,"[['citrus', 100.0], ['woody', 78.348005069191], ['aromatic', 67.217473399505], ['fresh spicy', 59.739268369439], ['rose', 45.652105500413], ['sweet', 44.434861745469]]","{'head': ['Orange', 'Bergamot', 'Sicilian Lemon'], 'heart': ['Lemon Verbena', 'Bulgarian Rose', 'Lavender'], 'base': ['Cedar', 'Sandalwood', 'Rosemary', 'Ylang-Ylang']}",3.43,0,Fragrantica,https://www.fragrantica.com/perfume/Acqua-di-Parma/Acqua-di-Parma-Colonia-Assoluta-Edizione-Riviera-1680.html
Magnolia Nobile Hair Mist Acqua di Parma for women,Acqua di Parma,"[['citrus', 100.0], ['floral', 71.333382887654], ['aromatic', 48.666710026697], ['woody', 44.666747192438], ['vanilla', 43.333426247685]]","{'head': ['Lemon', 'Citron', 'Bergamot'], 'heart': ['Magnolia', 'Rose', 'Jasmine', 'Tuberose'], 'base': ['Sandalwood', 'Vetiver', 'Vanilla', 'Patchouli']}",3.89,0,Fragrantica,https://www.fragrantica.com/perfume/Acqua-di-Parma/Magnolia-Nobile-Hair-Mist-53649.html
Colonia Quercia Acqua di Parma for men,Acqua di Parma,"[['citrus', 100.0], ['aromatic', 99.836495328438], ['woody', 82.084988142518], ['fresh spicy', 80.133432383782], ['warm spicy', 74.115260436012], ['mossy', 67.629575130718], ['earthy', 62.791436898197], ['rose', 47.856510186005], ['herbal', 47.681005171576], ['patchouli', 46.126960770308]]","{'head': ['Bergamot', 'Lemon', 'Petitgrain', 'Pink Pepper'], 'heart': ['Geranium', 'Cedar', 'Cardamom'], 'base': ['Oakmoss', 'Tonka Bean', 'Patchouli']}",4.07,0,Fragrantica,https://www.fragrantica.com/perfume/Acqua-di-Parma/Colonia-Quercia-38674.html
Note Di Colonia V Acqua di Parma for women and men,Acqua di Parma,"[['citrus', 100.0], ['woody', 91.303891191119], ['aromatic', 83.036915941147], ['fresh spicy', 71.764009808767], ['warm spicy', 66.395848382314], ['fresh', 51.579762764704], ['powdery', 46.319051058815]]","{'head': ['Calabrian bergamot', 'Lemon', 'Pink Pepper'], 'heart': ['Ginger', 'Juniper'], 'base': ['Cedar', 'Sandalwood']}",4.1,0,Fragrantica,https://www.fragrantica.com/perfume/Acqua-di-Parma/Note-Di-Colonia-V-58955.html
Luce di Rosa Acqua di Parma for women and men,Acqua di Parma,"[['fresh spicy', 100.0], ['rose', 84.496488723951], ['citrus', 78.342163859549], ['aromatic', 77.684727376534], ['woody', 63.637567799029], ['warm spicy', 56.567228090208], ['soft spicy', 51.798515558093], ['musky', 50.906080502426], ['floral', 45.08067370825], ['herbal', 44.728175849272]]","{'head': ['Pink Pepper', 'Bergamot', 'Black Pepper', 'Mandarin', 'Cardamom'], 'heart': ['Bulgarian Rose', 'Geranium'], 'base': ['Guaiac Wood', 'Musk', 'Vetiver', 'Cedar']}",3.97,0,Fragrantica,https://www.fragrantica.com/perfume/Acqua-di-Parma/Luce-di-Rosa-95859.html
Acqua Nobile Iris Acqua di Parma for women,Acqua di Parma,"[['citrus', 100.0], ['white floral', 60.389758766937], ['iris', 57.792182058871], ['powdery', 55.324749787098], ['violet', 43.896238585486]]","{'head': ['Citron', 'Grapefruit', 'Mandarin Orange'], 'heart': ['Iris', 'Orange Blossom', 'Neroli', 'Violet Leaves'], 'base': ['Musk', 'Vanilla']}",4.09,0,Fragrantica,https://www.fragrantica.com/perfume/Acqua-di-Parma/Acqua-Nobile-Iris-17487.html
Acqua di Parma Magnolia Nobile Special Edition Acqua di Parma for women,Acqua di Parma,"[['floral', 100.0], ['citrus', 98.590294317795], ['woody', 87.503189860497], ['white floral', 83.744967108994], ['vanilla', 61.946381989339], ['aromatic', 59.315526823182], ['rose', 56.308551661563], ['powdery', 53.114012702733], ['tuberose', 52.55032891006], ['earthy', 46.161250992401]]","{'head': ['Bergamot', 'Virginia Cedar', 'Amalfi Lemon'], 'heart': ['Magnolia', 'Jasmine', 'Rose', 'Tuberose'], 'base': ['Vanille', 'Vetyver', 'Patchouli', 'Sandalwood']}",3.88,0,Fragrantica,https://www.fragrantica.com/perfume/Acqua-di-Parma/Acqua-di-Parma-Magnolia-Nobile-Special-Edition-10204.html
Crystal Incense Acqua di Parma for women and men,Acqua di Parma,"[['woody', 100.0], ['amber', 95.36124361771], ['fresh spicy', 89.879305798595], ['warm spicy', 87.770932713282], ['aromatic', 53.403528537527], ['citrus', 53.192942924947], ['patchouli', 53.192942924947], ['balsamic', 48.891459117386], ['fresh', 45.813217633099], ['powdery', 44.970036196275]]","{'head': ['Ginger', 'Grapefruit', 'Pepper'], 'heart': ['Atlas Cedar', 'Olibanum', 'Cardamom'], 'base': ['Siam Benzoin', 'Patchouli', 'Musk']}",4.43,0,Fragrantica,https://www.fragrantica.com/perfume/Acqua-di-Parma/Crystal-Incense-92117.html
Acqua di Parma Gelsomino Nobile Acqua di Parma for women,Acqua di Parma,"[['white floral', 100.0], ['tuberose', 51.471932174775], ['citrus', 51.026003339879], ['animalic', 42.89009597563], ['musky', 40.811480373626]]","{'head': ['Mandarin Orange', 'Pink Pepper'], 'heart': ['Jasmine', 'Tuberose', 'Orange Blossom'], 'base': ['Musk', 'Cedar']}",4.1,0,Fragrantica,https://www.fragrantica.com/perfume/Acqua-di-Parma/Acqua-di-Parma-Gelsomino-Nobile-12921.html
Mirto di Panarea La Riserva Acqua di Parma for women and men,Acqua di Parma,"[['aromatic', 100.0], ['fresh spicy', 65.872521246459], ['herbal', 60.637068685274], ['woody', 58.116379510519], ['amber', 55.401616124089], ['citrus', 53.268750290252], ['patchouli', 47.451400176473], ['balsamic', 45.997306459852], ['warm spicy', 45.706357683555], ['lavender', 45.51228347188]]","{'head': ['Juniper Berries', 'Citron', 'Sage'], 'heart': ['Myrtle', 'Myrrh', 'Lavender'], 'base': ['Patchouli', 'Labdanum', 'Mastic or Lentisque']}",4.12,0,Fragrantica,https://www.fragrantica.com/perfume/Acqua-di-Parma/Mirto-di-Panarea-La-Riserva-107111.html
Colonia Essenza Special Edition 2015 Acqua di Parma for men,Acqua di Parma,"[['citrus', 100.0], ['aromatic', 68.711146792142], ['fresh spicy', 55.785392911114], ['white floral', 51.9873952466], ['woody', 51.740967165819], ['earthy', 46.52390438247], ['green', 44.191853276549]]","{'head': ['Orange', 'Mandarin Orange', 'Bergamot', 'Petitgrain', 'Grapefruit'], 'heart': ['Neroli', 'Sage', 'Rosemary', 'Jasmine', 'Lily-of-the-Valley', 'Rose'], 'base': ['Moss', 'Vetiver', 'Cloves', 'Patchouli', 'Amber', 'Musk']}",4.42,0,Fragrantica,https://www.fragrantica.com/perfume/Acqua-di-Parma/Colonia-Essenza-Special-Edition-2015-31663.html
Acqua di Parma Colonia Designer Edition Acqua di Parma for women and men,Acqua di Parma,"[['citrus', 100.0], ['amber', 81.219585943044], ['fresh spicy', 67.561260066027], ['fresh', 65.853753355342], ['aromatic', 64.146246644658], ['lavender', 64.146246644658], ['musky', 64.146246644658], ['rose', 64.146246644658], ['powdery', 54.75603961618], ['floral', 47.073339298386]]","{'head': ['Citruses', 'Lavender', 'Rosemary'], 'heart': ['Rose', 'Jasmine'], 'base': ['Amber', 'Musk']}",4.08,0,Fragrantica,https://www.fragrantica.com/perfume/Acqua-di-Parma/Acqua-di-Parma-Colonia-Designer-Edition-13806.html
Quercia Eau de Parfum Acqua di Parma for women and men,Acqua di Parma,"[['aromatic', 100.0], ['citrus', 98.867093829274], ['woody', 92.7761714202], ['warm spicy', 82.140130924568], ['mossy', 70.401949218539], ['fresh spicy', 69.759123468499], ['earthy', 66.606524638955], ['patchouli', 50.813305267054], ['soft spicy', 49.772693977316], ['vanilla', 47.783226542682]]","{'head': ['Lemon', 'Calabrian bergamot', 'Pink Pepper', 'Petitgrain'], 'heart': ['Cedar', 'Cardamom', 'Geranium'], 'base': ['Moss', 'Tonka Bean', 'Patchouli']}",4.0,0,Fragrantica,https://www.fragrantica.com/perfume/Acqua-di-Parma/Quercia-Eau-de-Parfum-56001.html
Acqua di Parma Colonia Assoluta Acqua di Parma for women and men,Acqua di Parma,"[['citrus', 100.0], ['woody', 66.204687100378], ['aromatic', 53.4514306739], ['earthy', 49.008646412434], ['fresh spicy', 47.286498225399], ['yellow floral', 46.280786298555], ['sweet', 45.850170729628], ['warm spicy', 45.477661564969]]","{'head': ['Bitter Orange', 'Bergamot', 'Lemon Verbena', 'Sweet Orange'], 'heart': ['Ylang-Ylang', 'Vetiver', 'Jasmine', 'Cedar', 'Pink Pepper', 'Cardamom', 'Paprika'], 'base': ['Oakmoss', 'Resins', 'White Musk', 'Patchouli']}",4.23,0,Fragrantica,https://www.fragrantica.com/perfume/Acqua-di-Parma/Acqua-di-Parma-Colonia-Assoluta-1682.html
Note di Colonia IV Acqua di Parma for women and men,Acqua di Parma,"[['amber', 100.0], ['citrus', 93.225806451613], ['sweet', 71.548469103839], ['balsamic', 69.911198064633], ['white floral', 67.257859498468], ['rose', 63.870967741935], ['woody', 58.338771182718], ['patchouli', 45.241832975041]]","{'head': ['Mandarin Orange', 'Bergamot'], 'heart': ['Orange Blossom', 'Turkish Rose'], 'base': ['Opoponax', 'Labdanum', 'Patchouli']}",4.33,0,Fragrantica,https://www.fragrantica.com/perfume/Acqua-di-Parma/Note-di-Colonia-IV-46376.html
Acqua di Parma Blu Mediterraneo - Cipresso di Toscana Acqua di Parma for women and men,Acqua di Parma,"[['aromatic', 100.0], ['woody', 85.215699007174], ['fresh spicy', 60.70526612266], ['green', 46.322124600014], ['herbal', 45.107419200889]]","{'head': ['Rosemary', 'Basil', 'Sage', 'Grapefruit', 'Petitgrain'], 'heart': ['Pine Tree', 'Lavender', 'Coriander', 'Cardamom', 'Jasmine', 'Lily-of-the-Valley'], 'base': ['Cypress', 'Silver Pine', 'Vetiver', 'Cedar', 'Oakmoss', 'Patchouli']}",3.95,0,Fragrantica,https://www.fragrantica.com/perfume/Acqua-di-Parma/Acqua-di-Parma-Blu-Mediterraneo-Cipresso-di-Toscana-1686.html
Osmanthus Eau de Parfum Acqua di Parma for women and men,Acqua di Parma,"[['floral', 100.0], ['fresh', 61.716425030435], ['fruity', 60.900573591876], ['citrus', 57.294959031878], ['musky', 44.926555052226], ['soft spicy', 44.825842546549]]","{'head': ['Neroli', 'Green Mandarin'], 'heart': ['Peony', 'Ambrette (Musk Mallow)', 'Pink Pepper'], 'base': ['Osmanthus', 'Patchouli']}",3.86,0,Fragrantica,https://www.fragrantica.com/perfume/Acqua-di-Parma/Osmanthus-Eau-de-Parfum-56006.html
Mirto Di Panarea Summer Edition Acqua di Parma for women and men,Acqua di Parma,"[['aromatic', 100.0], ['citrus', 77.329661858849], ['fresh spicy', 72.159107304063], ['herbal', 59.431965736569], ['marine', 53.863787197382], ['balsamic', 45.908999097246], ['green', 45.908999097246]]","{'head': ['Lemon', 'Myrtle', 'Basil', 'Bergamot'], 'heart': ['Sea Notes', 'Jasmine', 'Rose'], 'base': ['Mastic or Lentisque', 'Amber', 'Juniper', 'Cedar']}",3.14,0,Fragrantica,https://www.fragrantica.com/perfume/Acqua-di-Parma/Mirto-Di-Panarea-Summer-Edition-107786.html
Camelia Eau de Parfum Acqua di Parma for women and men,Acqua di Parma,"[['citrus', 100.0], ['floral', 83.374822779916], ['powdery', 78.853884725623], ['musky', 69.447687086103], ['soft spicy', 66.385324028895], ['aromatic', 61.353992131735], ['white floral', 56.250053703056], ['warm spicy', 51.875187960695], ['fresh spicy', 50.416612963611], ['lactonic', 48.666752591556]]","{'head': ['Calabrian bergamot', 'Yellow Mandarin', 'Pink Pepper', 'Cardamom'], 'heart': ['Camelia', 'Jasmine Sambac', 'Clary Sage'], 'base': ['Musk', 'Benzoin']}",3.78,0,Fragrantica,https://www.fragrantica.com/perfume/Acqua-di-Parma/Camelia-Eau-de-Parfum-56005.html
Note di Colonia I Acqua di Parma for women and men,Acqua di Parma,"[['citrus', 100.0], ['woody', 92.520512532314], ['violet', 77.956614589187], ['powdery', 74.8437675621], ['fresh spicy', 74.33910306845], ['floral', 73.665842418793], ['lavender', 69.543104417219], ['aromatic', 69.290772170395], ['rose', 67.019219961785], ['patchouli', 61.971451050916]]","{'head': ['Bergamot', 'Neroli'], 'heart': ['Violet', 'Lavender', 'Damask Rose'], 'base': ['Patchouli', 'Cedar']}",4.14,0,Fragrantica,https://www.fragrantica.com/perfume/Acqua-di-Parma/Note-di-Colonia-I-39624.html
Buongiorno Acqua di Parma for women and men,Acqua di Parma,"[['fresh spicy', 100.0], ['green', 97.732383432003], ['aromatic', 93.952406352157], ['citrus', 71.828542457738], ['fresh', 60.917809593722], ['herbal', 51.670266644838], ['woody', 49.553849160034]]","{'head': ['Spearmint', 'Basil', 'Lemon', 'Petitgrain', 'Rosemary'], 'heart': ['Mandarin Leaf', 'Wild Lavender'], 'base': ['White Musk', 'Cedarwood', 'Amber']}",4.42,0,Fragrantica,https://www.fragrantica.com/perfume/Acqua-di-Parma/Buongiorno-103426.html
Note di Colonia II Acqua di Parma for women and men,Acqua di Parma,"[['woody', 100.0], ['aromatic', 97.814544367048], ['citrus', 90.711268395409], ['fresh spicy', 87.372244582622], ['warm spicy', 59.991464280819], ['green', 59.627294363933], ['powdery', 58.048497838033], ['musky', 51.855864724427], ['earthy', 46.39200757623], ['herbal', 45.72429004]]","{'head': ['Basil', 'Bergamot', 'Cardamom', 'Orange', 'Grapefruit'], 'heart': ['Sandalwood', 'Guaiac Wood'], 'base': ['Vetiver', 'Musk']}",4.33,0,Fragrantica,https://www.fragrantica.com/perfume/Acqua-di-Parma/Note-di-Colonia-II-39625.html
Acqua Nobile Magnolia Acqua di Parma for women,Acqua di Parma,"[['citrus', 100.0], ['floral', 70.578903711896], ['white floral', 70.201493053155], ['fresh', 49.82760765881], ['green', 40.342987488768]]","{'head': ['Citron', 'Lemon', 'Neroli', 'Bergamot', 'Mandarin Orange'], 'heart': ['Magnolia', 'Lily-of-the-Valley', 'Freesia', 'Jasmine', 'Orange Blossom'], 'base': ['Vanilla', 'Musk']}",4.05,0,Fragrantica,https://www.fragrantica.com/perfume/Acqua-di-Parma/Acqua-Nobile-Magnolia-17486.html
Iris Nobile Edizione Speziale Acqua di Parma for women,Acqua di Parma,"[['citrus', 100.0], ['iris', 100.0], ['woody', 94.441163672531], ['yellow floral', 89.706180974286], ['earthy', 83.94138123951], ['floral', 80.132508650878], ['sweet', 75.500507656286], ['powdery', 75.088580841673], ['musky', 74.676654027061], ['anis', 69.117817699592]]","{'head': ['Mandarin Orange', 'Anise', 'Bergamot'], 'heart': ['Iris', 'Ylang-Ylang'], 'base': ['Ambrette (Musk Mallow)', 'Patchouli', 'oak moss']}",3.88,0,Fragrantica,https://www.fragrantica.com/perfume/Acqua-di-Parma/Iris-Nobile-Edizione-Speziale-8383.html
Colonia Futura Acqua di Parma for women and men,Acqua di Parma,"[['citrus', 100.0], ['aromatic', 95.544336331926], ['fresh spicy', 54.451991922159], ['woody', 53.970687228444], ['lavender', 51.453705403586], ['herbal', 50.573710299247], ['soft spicy', 50.546172204883], ['earthy', 48.483262958203]]","{'head': ['Lemon', 'Bergamot', 'Grapefruit', 'Pink Pepper'], 'heart': ['Lavender', 'Sage'], 'base': []}",3.84,0,Fragrantica,https://www.fragrantica.com/perfume/Acqua-di-Parma/Colonia-Futura-62332.html
Colonia Assoluta Edizione Speciale 2013 Acqua di Parma for women and men,Acqua di Parma,"[['citrus', 100.0], ['woody', 88.025969668501], ['warm spicy', 74.210575761643], ['aromatic', 63.157696953429], ['earthy', 61.315863642464], ['musky', 53.947121191786], ['sweet', 53.026439404107], ['mossy', 48.421151523285], ['yellow floral', 48.421151523285], ['white floral', 48.421151523285]]","{'head': ['Sweet Orange', 'Bitter Orange', 'Bergamot', 'Lemon Verbena'], 'heart': ['Pimento', 'Pink Pepper', 'Ylang-Ylang', 'Jasmine', 'Vetiver', 'Cedar', 'Cardamom'], 'base': ['Moss', 'Musk', 'Amber', 'Patchouli']}",4.2,0,Fragrantica,https://www.fragrantica.com/perfume/Acqua-di-Parma/Colonia-Assoluta-Edizione-Speciale-2013-19636.html
Acqua Nobile Rosa Acqua di Parma for women,Acqua di Parma,"[['rose', 100.0], ['floral', 96.635654633772], ['citrus', 83.111609507602], ['fruity', 62.111767291415], ['musky', 58.543486346065], ['fresh spicy', 56.980637672013], ['powdery', 48.485557145916], ['animalic', 44.475875981922]]","{'head': ['Mandarin Orange', 'Bergamot', 'Black Currant'], 'heart': ['Rose', 'Damask Rose', 'Freesia', 'Cyclamen', 'Black Pepper'], 'base': ['Musk', 'Ambergris']}",3.87,0,Fragrantica,https://www.fragrantica.com/perfume/Acqua-di-Parma/Acqua-Nobile-Rosa-29971.html
Arancia di Capri La Riserva Acqua di Parma for women and men,Acqua di Parma,"[['citrus', 100.0], ['musky', 60.073987156292], ['amber', 49.3581036167], ['fruity', 43.481442518338], ['fresh spicy', 42.790153927967]]","{'head': ['Blood Orange', 'Bigarade', 'Mandarin', 'Petitgrain'], 'heart': ['Mineral notes', 'Basil', 'Salt', 'Rosemary'], 'base': ['Ambrettolide', 'Suede', 'Cedarwood']}",4.1,0,Fragrantica,https://www.fragrantica.com/perfume/Acqua-di-Parma/Arancia-di-Capri-La-Riserva-107109.html
Zafferano Collector Edition Acqua di Parma for women and men,Acqua di Parma,"[['citrus', 100.0], ['warm spicy', 87.546296978358], ['aromatic', 81.604593603135], ['vanilla', 72.488103481297], ['fresh spicy', 70.371922742608], ['rose', 60.930064675811], ['white floral', 54.418580667973], ['patchouli', 52.790709666014], ['sweet', 51.081367768169], ['metallic', 50.348645343784]]","{'head': ['Bitter Orange', 'Coriander', 'Bergamot', 'Mandarin Orange'], 'heart': ['Saffron', 'Geranium', 'Rose', 'Orange Blossom', 'Jasmine Sambac'], 'base': ['Vanilla', 'Patchouli', 'Tonka']}",3.63,0,Fragrantica,https://www.fragrantica.com/perfume/Acqua-di-Parma/Zafferano-Collector-Edition-83303.html
Iris Nobile Sublime Acqua di Parma for women,Acqua di Parma,"[['white floral', 100.0], ['citrus', 69.420341447517], ['iris', 62.753591215623], ['woody', 57.263656647196], ['sweet', 54.115771265261], ['powdery', 51.043345283161], ['yellow floral', 49.130537240843], ['violet', 46.376795607812], ['floral', 44.985534859234]]","{'head': ['Neroli', 'Mandarin Orange'], 'heart': ['Tuscan Iris', 'Jasmine Sambac', 'Orange Blossom', 'Ylang-Ylang'], 'base': ['Birch', 'Black locust', 'Cedar']}",4.04,0,Fragrantica,https://www.fragrantica.com/perfume/Acqua-di-Parma/Iris-Nobile-Sublime-15724.html
Acqua di Parma Blu Mediterraneo - Mandorlo di Sicilia Acqua di Parma for women and men,Acqua di Parma,"[['vanilla', 100.0], ['almond', 97.716898220072], ['sweet', 94.760175773448], ['powdery', 89.799991122553], ['fruity', 78.794620267211], ['soft spicy', 73.268942252208], ['nutty', 70.629766079276], ['anis', 70.402947312353], ['floral', 64.706378445559], ['citrus', 58.955124506192]]","{'head': ['Green Almond', 'Star Anise', 'Orange', 'Bergamot'], 'heart': ['White Peach', 'Ylang-Ylang', 'Jasmine'], 'base': ['Bourbon Vanilla', 'Tolu Balsam', 'White Musk', 'Cedar']}",4.11,0,Fragrantica,https://www.fragrantica.com/perfume/Acqua-di-Parma/Acqua-di-Parma-Blu-Mediterraneo-Mandorlo-di-Sicilia-1688.html
Yuzu Eau de Parfum Acqua di Parma for women and men,Acqua di Parma,"[['citrus', 100.0], ['floral', 78.999924236685], ['fresh spicy', 64.372300931889], ['ozonic', 58.130161375862], ['green', 57.751344798848], ['aquatic', 57.194484430639], ['powdery', 56.081142510796], ['sweet', 52.599060534889], ['yellow floral', 52.38578680203]]","{'head': ['Yuzu', 'Calabrian bergamot', 'Sichuan Pepper'], 'heart': ['Lotus', 'Mimosa', 'Violet Leaf', 'Jasmine'], 'base': ['Musk', 'Sandalwood', 'Licorice']}",3.77,0,Fragrantica,https://www.fragrantica.com/perfume/Acqua-di-Parma/Yuzu-Eau-de-Parfum-56004.html
Acqua di Parma Colonia Pura Acqua di Parma for women and men,Acqua di Parma,"[['citrus', 100.0], ['ozonic', 69.911167647215], ['aromatic', 65.435204325012], ['fresh spicy', 55.998356919489], ['green', 54.108390311125], ['white floral', 53.54889489585], ['woody', 52.380187629194], ['musky', 52.006943340224], ['yellow floral', 48.898553029098], ['powdery', 46.41198918747]]","{'head': ['Ozonic notes', 'Bergamot', 'Orange', 'Petitgrain'], 'heart': ['Narcissus', 'Jasmine Sambac', 'Coriander'], 'base': ['White Musk', 'Cedar', 'Patchouli']}",4.01,0,Fragrantica,https://www.fragrantica.com/perfume/Acqua-di-Parma/Acqua-di-Parma-Colonia-Pura-45876.html
Peonia Nobile Edizione Speciale Acqua di Parma for women,Acqua di Parma,"[['floral', 100.0], ['fresh', 85.999802117344], ['rose', 83.344711586029], ['amber', 75.861778965074], ['fresh spicy', 75.861778965074], ['fruity', 73.448105273573], ['patchouli', 61.379242109429], ['warm spicy', 61.137825269615], ['sweet', 60.413574750173], ['woody', 48.827545265657]]","{'head': ['Raspberry', 'Black Pepper'], 'heart': ['Peony', 'Geranium'], 'base': ['Amber', 'Patchouli']}",3.89,0,Fragrantica,https://www.fragrantica.com/perfume/Acqua-di-Parma/Peonia-Nobile-Edizione-Speciale-43256.html
Oud Eau de Parfum Acqua di Parma for women and men,Acqua di Parma,"[['woody', 100.0], ['citrus', 79.201447074695], ['oud', 76.153697239548], ['leather', 66.719943859309], ['aromatic', 63.250836363196], ['powdery', 58.592187490547], ['fresh spicy', 56.081404001234], ['animalic', 51.342294871717], ['musky', 49.883846847228], ['balsamic', 46.763259305864]]","{'head': ['Orange', 'Calabrian bergamot'], 'heart': ['Agarwood (Oud)', 'Amyris', 'Coriander'], 'base': ['Leather', 'Sandalwood', 'Musk', 'Cedar', 'Patchouli']}",4.28,0,Fragrantica,https://www.fragrantica.com/perfume/Acqua-di-Parma/Oud-Eau-de-Parfum-55998.html
Profumo Eau de Parfum Acqua di Parma for women,Acqua di Parma,"[['woody', 100.0], ['floral', 59.105874138082], ['yellow floral', 57.650519333159], ['amber', 56.92304559076], ['rose', 56.92304559076], ['musky', 55.686014372582], ['aromatic', 53.757760903087], ['powdery', 50.810799802159], ['earthy', 50.37415262867], ['citrus', 49.901253964098]]","{'head': ['Ylang-Ylang', 'Bergamot', 'Peony'], 'heart': ['Labdanum', 'Bulgarian Rose', 'Jasmine'], 'base': ['Sandalwood', 'Vetiver', 'Patchouli', 'Musk']}",4.44,0,Fragrantica,https://www.fragrantica.com/perfume/Acqua-di-Parma/Profumo-Eau-de-Parfum-6909.html
Colonia Intensa Acqua di Parma for men,Acqua di Parma,"[['citrus', 100.0], ['fresh spicy', 80.657198222894], ['aromatic', 73.807484166745], ['warm spicy', 68.822490310993], ['woody', 59.615925418281], ['fresh', 55.020500519898], ['leather', 51.976734568485], ['herbal', 48.115783627942], ['amber', 46.332947348521]]","{'head': ['Calabrian bergamot', 'Ginger', 'Cardamom', 'Sicilian Lemon'], 'heart': ['Neroli', 'Artemisia', 'Myrtle'], 'base': ['Leather', 'Cedar', 'Benzoin', 'Musk', 'Patchouli']}",4.25,0,Fragrantica,https://www.fragrantica.com/perfume/Acqua-di-Parma/Colonia-Intensa-1684.html
Zafferano Acqua di Parma for women and men,Acqua di Parma,"[['citrus', 100.0], ['warm spicy', 84.019048341808], ['aromatic', 82.435986946953], ['white floral', 73.909235789633], ['vanilla', 70.386658571754], ['fresh spicy', 69.876147833346], ['rose', 61.400394627002], ['woody', 61.170372618957], ['metallic', 54.762692570388], ['sweet', 54.660696668437]]","{'head': ['Coriander', 'Bitter Orange', 'Mandarin Orange', 'Bergamot'], 'heart': ['Saffron', 'Geranium', 'Orange Blossom', 'Jasmine Sambac', 'Rose'], 'base': ['Woody Notes', 'Vanilla', 'Tonka Bean']}",4.14,0,Fragrantica,https://www.fragrantica.com/perfume/Acqua-di-Parma/Zafferano-73365.html
Magnolia Infinita Acqua di Parma for women,Acqua di Parma,"[['citrus', 100.0], ['floral', 77.290100378772], ['white floral', 56.717646866333], ['musky', 48.999075566318], ['yellow floral', 45.436856271015], ['fresh spicy', 44.071353190932]]","{'head': ['Calabrian bergamot', 'Lemon', 'Orange'], 'heart': ['Magnolia', 'Jasmine Sambac', 'Ylang-Ylang', 'Rose'], 'base': ['Musk', 'Patchouli']}",3.81,0,Fragrantica,https://www.fragrantica.com/perfume/Acqua-di-Parma/Magnolia-Infinita-75188.html
Blue Mediterraneo Mirto di Panarea Limited Edition 2024 Acqua di Parma for women and men,Acqua di Parma,"[['aromatic', 100.0], ['citrus', 94.16688664659], ['fresh spicy', 86.960721462319], ['woody', 66.372486168201], ['white floral', 62.026311394601], ['amber', 55.163314890935], ['herbal', 55.049051033546], ['fresh', 47.385453311281]]","{'head': ['Italian Lemon', 'Bergamot', 'Myrtle', 'Basil'], 'heart': ['Jasmine', 'Damask Rose'], 'base': ['Amber', 'Cedarwood', 'Juniper']}",3.86,0,Fragrantica,https://www.fragrantica.com/perfume/Acqua-di-Parma/Blue-Mediterraneo-Mirto-di-Panarea-Limited-Edition-2024-95862.html
Mandarino Millesimato 2022 Acqua di Parma for women and men,Acqua di Parma,"[['citrus', 100.0], ['green', 50.817451282208], ['fresh spicy', 48.504271244186], ['aromatic', 46.556422453746], ['woody', 44.42600546118]]","{'head': ['Mandarin Orange', 'Bergamot', 'Blood Orange', 'Lemon'], 'heart': ['Petitgrain', 'Spearmint'], 'base': ['Cedar', 'Musk', 'Patchouli']}",4.43,0,Fragrantica,https://www.fragrantica.com/perfume/Acqua-di-Parma/Mandarino-Millesimato-2022-92459.html
Oud & Spice Acqua di Parma for men,Acqua di Parma,"[['warm spicy', 100.0], ['oud', 80.216703384739], ['rose', 68.904065691969], ['sweet', 58.198678149409], ['fruity', 56.487883036251], ['amber', 52.073302623673], ['soft spicy', 50.859202884038], ['cinnamon', 50.417784898858], ['patchouli', 50.141798517925], ['woody', 49.83817344282]]","{'head': ['Rose', 'Raspberry', 'Bergamot'], 'heart': ['Cloves', 'Pink Pepper', 'Cinnamon'], 'base': ['Agarwood (Oud)', 'Labdanum', 'Patchouli']}",3.92,0,Fragrantica,https://www.fragrantica.com/perfume/Acqua-di-Parma/Oud-Spice-68516.html
Mandarino di Sicilia Acqua di Parma for women and men,Acqua di Parma,"[['citrus', 100.0], ['green', 56.784596243378], ['fresh spicy', 48.051452881682], ['aromatic', 42.949711029058], ['woody', 40.751324450153]]","{'head': ['Green Mandarin', 'Blood Orange', 'Bergamot', 'Lemon'], 'heart': ['Spearmint', 'Petitgrain'], 'base': ['Musk', 'Cedar', 'Patchouli']}",4.19,0,Fragrantica,https://www.fragrantica.com/perfume/Acqua-di-Parma/Mandarino-di-Sicilia-92455.html
Rosa Nobile Acqua di Parma for women,Acqua di Parma,"[['rose', 100.0], ['floral', 84.729408727085], ['fresh', 64.85251742835], ['citrus', 58.832842757552], ['powdery', 58.732713658663], ['musky', 55.411102504518], ['fresh spicy', 49.08236509166], ['violet', 47.416679576556], ['woody', 46.80289181513]]","{'head': ['Mandarin Orange', 'Pepper', 'Bergamot'], 'heart': ['Rose', 'Peony', 'Violet', 'Lily-of-the-Valley'], 'base': ['Musk', 'Cedar', 'Ambergris']}",3.91,0,Fragrantica,https://www.fragrantica.com/perfume/Acqua-di-Parma/Rosa-Nobile-26577.html
Peonia Nobile Hair Mist Acqua di Parma for women,Acqua di Parma,"[['floral', 100.0], ['rose', 91.250096250096], ['fresh', 70.0], ['musky', 67.500192500192], ['fresh spicy', 55.0], ['fruity', 55.0], ['sweet', 51.250096250096], ['powdery', 50.624855624856], ['warm spicy', 44.375144375144]]","{'head': ['Raspberry', 'Pepper'], 'heart': ['Peony', 'Rose', 'Geranium', 'Freesia'], 'base': ['Musk', 'Amber', 'Patchouli']}",3.59,0,Fragrantica,https://www.fragrantica.com/perfume/Acqua-di-Parma/Peonia-Nobile-Hair-Mist-53651.html
Historic Sahara Afnan for women and men,Afnan,"[['sweet', 100.0], ['warm spicy', 76.269078648771], ['aromatic', 72.691694222914], ['vanilla', 70.068339492965], ['amber', 63.867146469558], ['musky', 61.959087077741], ['almond', 61.005057381832], ['nutty', 57.188938598197], ['powdery', 46.695065810802], ['citrus', 46.456331453025]]","{'head': ['Cardamom', 'Bergamot', 'Cinnamon'], 'heart': ['elemi', 'Vanilla', 'Sugar'], 'base': ['Almond', 'Praline', 'Ambroxan', 'Tonka', 'Musk']}",4.67,0,Fragrantica,https://www.fragrantica.com/perfume/Afnan/Historic-Sahara-109081.html
Arabian Gems Afnan for women,Afnan,"[['vanilla', 100.0], ['amber', 75.678947079049], ['sweet', 67.036968115476], ['soft spicy', 57.654273473548], ['white floral', 52.222358498945], ['warm spicy', 50.987536318921], ['balsamic', 44.321095213727]]","{'head': [], 'heart': [], 'base': ['Tonka Bean', 'Vanilla', 'Benzoin']}",3.62,0,Fragrantica,https://www.fragrantica.com/perfume/Afnan/Arabian-Gems-27343.html
Supremacy Not Only Intense Afnan for men,Afnan,"[['fruity', 100.0], ['mossy', 87.589071205848], ['woody', 81.945679769633], ['earthy', 81.475745028881], ['citrus', 72.729472303157], ['fresh spicy', 63.879432261582], ['amber', 60.950092862376], ['animalic', 60.164681626881], ['aromatic', 58.925437475506], ['warm spicy', 55.452810577791]]","{'head': ['Black Currant', 'Bergamot', 'Apple'], 'heart': ['Oakmoss', 'Patchouli', 'Lavender'], 'base': ['Ambergris', 'Musk', 'Saffron']}",4.39,0,Fragrantica,https://www.fragrantica.com/perfume/Afnan/Supremacy-Not-Only-Intense-68271.html
Supremacy Purple Afnan for women,Afnan,"[['fruity', 100.0], ['musky', 100.0], ['powdery', 82.960450319955], ['sweet', 79.736763294768], ['amber', 72.368274690283], ['citrus', 68.684244302242], ['vanilla', 68.684244302242], ['fresh', 49.342122151121], ['animalic', 48.973761895158]]","{'head': ['Fruits', 'Citruses'], 'heart': ['Musk', 'Amber'], 'base': ['Musk', 'Vanilla']}",3.98,0,Fragrantica,https://www.fragrantica.com/perfume/Afnan/Supremacy-Purple-70704.html
Ornament Pour Homme Afnan for men,Afnan,"[['warm spicy', 100.0], ['woody', 67.880704775783], ['fresh spicy', 63.973637146453], ['fruity', 62.847585613036], ['aromatic', 50.662052063324], ['fresh', 50.529906603961], ['green', 46.423792806518], ['amber', 45.893886202557], ['patchouli', 44.569450884282]]","{'head': ['Apple', 'Cardamom', 'Clove', 'Nutmeg'], 'heart': ['Saffron', 'Pepper', 'Geranium'], 'base': ['Amber', 'Patchouli', 'Sandalwood', 'Cedar']}",4.39,0,Fragrantica,https://www.fragrantica.com/perfume/Afnan/Ornament-Pour-Homme-71176.html
Tribute White Afnan for women and men,Afnan,"[['musky', 100.0], ['white floral', 77.500023546476], ['powdery', 72.000131860266], ['citrus', 65.0], ['vanilla', 49.999905814096], ['fruity', 49.500155406742], ['sweet', 48.499995290705], ['fresh', 47.000084767314]]","{'head': ['Tangerine', 'Apple'], 'heart': ['Jasmine', 'Neroli'], 'base': ['Musk', 'Vanilla', 'Cedar']}",4.06,0,Fragrantica,https://www.fragrantica.com/perfume/Afnan/Tribute-White-71173.html
Highness V Afnan for women,Afnan,"[['white floral', 100.0], ['tuberose', 100.0], ['musky', 90.199871984394], ['sweet', 67.099989332033], ['animalic', 65.699818644559], ['powdery', 62.199658625051], ['fruity', 57.999679960986], ['patchouli', 57.999679960986], ['amber', 57.999679960986], ['woody', 57.999679960986]]","{'head': ['Fruits', 'Rose', 'Pink Pepper'], 'heart': ['Tuberose', 'Ylang-Ylang', 'Rose', 'Jasmine'], 'base': ['Musk', 'Amber', 'Patchouli']}",4.6,0,Fragrantica,https://www.fragrantica.com/perfume/Afnan/Highness-V-78114.html
Pure Musk Afnan for women and men,Afnan,"[['musky', 100.0], ['powdery', 64.999924818006], ['floral', 57.864101027416], ['animalic', 40.500067663795], ['sweet', 37.000045109196]]","{'head': ['Musk', 'White Musk', 'Floral Notes'], 'heart': [], 'base': []}",3.99,0,Fragrantica,https://www.fragrantica.com/perfume/Afnan/Pure-Musk-78614.html
Portrait - Abstract Afnan for women and men,Afnan,"[['amber', 100.0], ['woody', 81.241088275504], ['leather', 72.805766775509], ['smoky', 72.050459285706], ['animalic', 57.194233224491], ['aromatic', 56.438925734688], ['warm spicy', 56.438925734688], ['balsamic', 54.172607816331], ['powdery', 47.814579637769]]","{'head': ['Incense', 'Vetiver', 'Rhubarb'], 'heart': ['Tonka Bean', 'Rose'], 'base': ['Leather', 'Amber', 'Sandalwood', 'Cedar']}",4.45,0,Fragrantica,https://www.fragrantica.com/perfume/Afnan/Portrait-Abstract-92432.html
Highness IV Afnan for women,Afnan,"[['musky', 100.0], ['powdery', 84.250185576907], ['woody', 67.625229529332], ['warm spicy', 64.125053719631], ['rose', 56.249951163972], ['oud', 56.249951163972], ['amber', 47.500097672056], ['patchouli', 47.500097672056]]","{'head': ['Rose', 'Saffron', 'Bergamot'], 'heart': ['Agarwood (Oud)', 'Sandalwood', 'Patchouli'], 'base': ['Musk', 'Amber', 'Vanilla']}",4.15,0,Fragrantica,https://www.fragrantica.com/perfume/Afnan/Highness-IV-78113.html
Rare Reef Afnan for women and men,Afnan,"[['fruity', 100.0], ['citrus', 97.152497662149], ['aromatic', 77.991821011347], ['green', 72.047678200064], ['sweet', 69.300808128742], ['fresh spicy', 67.788393093919], ['woody', 59.304995324298], ['floral', 52.809329071699], ['ozonic', 46.906709283013], ['soft spicy', 46.639984926096]]","{'head': ['Blackcurrant', 'Orange', 'Mint', 'Citron', 'Grapefruit', 'Coriander'], 'heart': ['Apricot', 'Violet Leaf', 'Rose', 'Basil'], 'base': ['Fig', 'Ambrette', 'Amberwood', 'Dates']}",4.31,0,Fragrantica,https://www.fragrantica.com/perfume/Afnan/Rare-Reef-106835.html
Historic Olmeda Afnan for women and men,Afnan,"[['citrus', 100.0], ['fresh spicy', 98.928905826503], ['aromatic', 84.714342033937], ['amber', 81.428618361614], ['woody', 77.42883190696], ['animalic', 65.42889761322], ['musky', 65.143157514332], ['warm spicy', 56.428371963139], ['fruity', 53.99986858748], ['soft spicy', 53.00006570626]]","{'head': ['Grapefruit', 'Pink Pepper', 'Juniper', 'Cardamom'], 'heart': ['Calabrian bergamot', 'Cedar', 'Nutmeg', 'Jasmine'], 'base': ['Ambergris', 'Apple', 'Musk', 'Patchouli']}",4.17,0,Fragrantica,https://www.fragrantica.com/perfume/Afnan/Historic-Olmeda-75670.html
Souvenir Floral Bouquet Afnan for women,Afnan,"[['rose', 100.0], ['musky', 85.715556360821], ['floral', 81.938924256525], ['fresh', 76.068454905578], ['fruity', 74.946591667147], ['powdery', 67.954259077769], ['green', 65.37385832997], ['citrus', 59.398466517876], ['amber', 58.568310781318], ['vanilla', 58.418998048146]]","{'head': ['Rhubarb', 'Litchi', 'Bergamot'], 'heart': ['Rose', 'Peony', 'Vanilla', 'Lily-of-the-Valley'], 'base': ['Musk', 'Amber', 'Cashmere Wood']}",3.78,0,Fragrantica,https://www.fragrantica.com/perfume/Afnan/Souvenir-Floral-Bouquet-71179.html
Supremacy Gold Afnan for women and men,Afnan,"[['powdery', 100.0], ['amber', 99.759559377784], ['fresh spicy', 89.295895292263], ['floral', 87.551651476735], ['violet', 86.830329610087], ['vanilla', 77.568868635647], ['iris', 64.278678133352], ['oud', 63.075875419722], ['woody', 56.160059617625], ['warm spicy', 54.957256903995]]","{'head': ['Violet', 'Nutmeg', 'Peach Blossom', 'Cumin'], 'heart': ['Iris', 'Patchouli'], 'base': ['Amber', 'Vanilla', 'Agarwood (Oud)', 'Benzoin']}",3.88,0,Fragrantica,https://www.fragrantica.com/perfume/Afnan/Supremacy-Gold-27351.html
Silver Musk Afnan for women and men,Afnan,"[['musky', 100.0], ['powdery', 72.0], ['animalic', 40.5], ['sweet', 37.0]]","{'head': [], 'heart': [], 'base': ['Musk', 'Powdery Notes']}",3.84,0,Fragrantica,https://www.fragrantica.com/perfume/Afnan/Silver-Musk-74233.html
Tobacco Rush Afnan for women and men,Afnan,"[['tobacco', 100.0], ['woody', 91.764975104361], ['sweet', 86.13730322386], ['warm spicy', 67.470753910376], ['oud', 62.941155761203], ['amber', 56.078458985063]]","{'head': ['Tobacco', 'Spicy Notes', 'Woody Notes'], 'heart': ['Spicy Notes', 'Sweet Notes', 'Lavender'], 'base': ['Agarwood (Oud)', 'Amber', 'Cedar']}",4.16,0,Fragrantica,https://www.fragrantica.com/perfume/Afnan/Tobacco-Rush-75682.html
Rare Tiffany Afnan for women,Afnan,"[['woody', 100.0], ['musky', 95.211802697398], ['yellow floral', 93.84347495726], ['sweet', 88.599379471918], ['powdery', 87.573608560755], ['white floral', 76.742860761097], ['rose', 66.937883872602], ['fresh spicy', 66.481985689863], ['soft spicy', 59.983537010068], ['vanilla', 58.501867916165]]","{'head': ['Ylang-Ylang', 'Jasmine', 'Rose'], 'heart': ['Musk', 'Sandalwood', 'Vanilla'], 'base': ['Ginger', 'Pink Pepper', 'Caramel']}",3.91,0,Fragrantica,https://www.fragrantica.com/perfume/Afnan/Rare-Tiffany-70698.html
Tribute Pink Afnan for women and men,Afnan,"[['woody', 100.0], ['powdery', 98.00037022964], ['musky', 81.999922056918], ['sweet', 80.000292286558], ['rose', 74.000038971541], ['fruity', 74.000038971541], ['citrus', 72.000409201181], ['patchouli', 70.000097428853], ['white floral', 70.000097428853], ['violet', 70.000097428853]]","{'head': ['Pink Pepper', 'Mandarin Orange', 'Pineapple'], 'heart': ['Jasmine', 'Rose', 'Violet'], 'base': ['Patchouli', 'Musk', 'Sandalwood']}",3.52,0,Fragrantica,https://www.fragrantica.com/perfume/Afnan/Tribute-Pink-71172.html
Turathi Electric Afnan for women and men,Afnan,"[['citrus', 100.0], ['fruity', 73.606417621985], ['sweet', 61.958963225755], ['musky', 55.246035318101], ['powdery', 54.213020571338], ['white floral', 54.098488258188], ['fresh', 48.934526488576], ['woody', 48.532736755712], ['fresh spicy', 47.729527944719], ['aquatic', 45.491885308835]]","{'head': ['Pear', 'Mandarin Orange', 'Pink Grapefruit', 'Bergamot'], 'heart': ['Orange Blossom', 'Apple', 'Cedarwood'], 'base': ['Musk', 'Vanilla', 'Amber']}",4.18,0,Fragrantica,https://www.fragrantica.com/perfume/Afnan/Turathi-Electric-108244.html
Supremacy Pink Afnan for women,Afnan,"[['rose', 100.0], ['floral', 90.817520676152], ['fresh', 78.553400162284], ['musky', 72.893199675431], ['powdery', 57.547085179193], ['white floral', 53.899212265078], ['soft spicy', 46.477872359727], ['amber', 45.094220757294]]","{'head': ['Pink Pepper', 'Violet'], 'heart': ['Rose', 'Peony', 'Lily-of-the-Valley'], 'base': ['Musk', 'Amber']}",3.99,0,Fragrantica,https://www.fragrantica.com/perfume/Afnan/Supremacy-Pink-70705.html
Highness III Afnan for men,Afnan,"[['woody', 100.0], ['aromatic', 86.741207073688], ['fresh spicy', 85.698788991628], ['green', 63.349727851007], ['oud', 54.317605526045], ['mossy', 53.159660742781], ['citrus', 49.106662731982], ['earthy', 46.211609504448], ['leather', 46.211609504448]]","{'head': ['Cypress', 'Bergamot', 'Lavender'], 'heart': ['Cedar', 'Black Pepper', 'Galbanum', 'Petitgrain'], 'base': ['Agarwood (Oud)', 'Oakmoss', 'Leather']}",4.22,0,Fragrantica,https://www.fragrantica.com/perfume/Afnan/Highness-III-71861.html
Inara Black Afnan for women and men,Afnan,"[['leather', 100.0], ['woody', 71.99994791996], ['animalic', 69.900080724061], ['green', 58.00005208004], ['smoky', 50.99997395998], ['warm spicy', 49.600062496047]]","{'head': ['Woodsy Notes', 'Aromatic Notes', 'Herbal Notes'], 'heart': ['Spicy Notes', 'Amber'], 'base': ['Leather', 'Musk']}",3.79,0,Fragrantica,https://www.fragrantica.com/perfume/Afnan/Inara-Black-78546.html
9 PM Rebel Afnan for women and men,Afnan,"[['fruity', 100.0], ['sweet', 90.71639053139], ['woody', 81.131341516565], ['tropical', 57.372714321956], ['amber', 57.284377053126], ['fresh', 56.965634330543], ['caramel', 51.969114480677], ['mossy', 51.614854711863], ['vanilla', 51.437724827456], ['powdery', 49.931893136624]]","{'head': ['Pineapple', 'Granny Smith apple', 'Mandarin'], 'heart': ['Oakmoss', 'Vanilla', 'Cedarwood'], 'base': ['Ambergris', 'Dry Wood', 'Caramel', 'Musk']}",4.27,0,Fragrantica,https://www.fragrantica.com/perfume/Afnan/9-PM-Rebel-99238.html
Khayaal Afnan for women and men,Afnan,"[['white floral', 100.0], ['musky', 78.461512408251], ['citrus', 74.961461604339], ['rose', 67.692437958747], ['woody', 62.307900733996], ['powdery', 54.230756204125], ['floral', 48.846218979374], ['fresh', 47.230654596302], ['animalic', 45.615428905974], ['sweet', 44.538385983927]]","{'head': ['Musk', 'Jasmine', 'Rose'], 'heart': ['Orange Blossom', 'Citruses'], 'base': ['Musk', 'Woody Notes']}",4.17,0,Fragrantica,https://www.fragrantica.com/perfume/Afnan/Khayaal-39294.html
Supremacy Gala Afnan for women,Afnan,"[['sweet', 100.0], ['white floral', 85.752411436481], ['caramel', 76.460054500627], ['floral', 73.053332756607], ['lactonic', 67.787534062892], ['fruity', 61.59306198365], ['citrus', 56.947099788053], ['tropical', 52.300705047796], ['patchouli', 45.486829015096]]","{'head': ['Pear Blossom', 'Mandarin Orange', 'Red Berries'], 'heart': ['Gardenia', 'Frangipani', 'Honeysuckle'], 'base': ['Caramel', 'Brown sugar', 'Praline', 'Patchouli', 'Vanilla']}",3.65,0,Fragrantica,https://www.fragrantica.com/perfume/Afnan/Supremacy-Gala-92430.html
Highness X Afnan for men,Afnan,"[['woody', 100.0], ['earthy', 81.851898864248], ['aromatic', 67.333248711021], ['warm spicy', 65.259155831988], ['citrus', 55.926160987905], ['fruity', 55.926160987905], ['patchouli', 55.926160987905], ['musky', 55.926160987905], ['powdery', 48.148101135752], ['fresh spicy', 45.555696592743]]","{'head': ['Bergamot', 'Black Currant', 'Tonka Bean'], 'heart': ['Patchouli', 'Vetiver', 'Earthy Notes'], 'base': ['Spices', 'Musk', 'Guaiac Wood']}",4.41,0,Fragrantica,https://www.fragrantica.com/perfume/Afnan/Highness-X-78116.html
Supremacy Tapis Rouge Afnan for women,Afnan,"[['fruity', 100.0], ['cherry', 63.151016987089], ['fresh', 59.453384321588], ['floral', 58.560978745898], ['rose', 58.050937456842], ['sweet', 51.803431706376], ['warm spicy', 51.675754703952], ['tropical', 47.595757751818], ['woody', 46.065633884648], ['aromatic', 46.065633884648]]","{'head': ['Black Cherry', 'Litchi', 'White Peach'], 'heart': ['Plum', 'Rose', 'Jasmine', 'Mahonia'], 'base': ['Vetiver', 'Cloves', 'Peony']}",4.16,0,Fragrantica,https://www.fragrantica.com/perfume/Afnan/Supremacy-Tapis-Rouge-92429.html
Ornament Purple Allure Afnan for women,Afnan,"[['sweet', 100.0], ['fruity', 74.468521317016], ['musky', 50.289771205412], ['citrus', 46.908181250021], ['patchouli', 43.526591294629]]","{'head': ['Raspberry', 'Mandarin Orange', 'Grapefruit'], 'heart': ['Sweet Notes', 'White Flowers', 'Anise', 'Cardamom'], 'base': ['Musk', 'Patchouli', 'Vanilla']}",3.86,0,Fragrantica,https://www.fragrantica.com/perfume/Afnan/Ornament-Purple-Allure-71178.html
Amberythme Afnan for women and men,Afnan,"[['amber', 100.0], ['warm spicy', 74.863566062749], ['vanilla', 65.21201576079], ['cinnamon', 63.939276771248], ['animalic', 55.348449698041], ['woody', 53.333333333333], ['powdery', 47.393992119605], ['balsamic', 45.590891515687]]","{'head': ['Cinnamon', 'Amber', 'Tonka Bean'], 'heart': ['Vanilla', 'Saffron', 'Jasmine'], 'base': ['Ambergris', 'Cedar', 'Sandalwood']}",4.38,0,Fragrantica,https://www.fragrantica.com/perfume/Afnan/Amberythme-77450.html
Zahrat Al Oud Afnan for women and men,Afnan,"[['oud', 100.0], ['amber', 93.000039060102], ['woody', 72.000156240409], ['animalic', 60.100105462276], ['powdery', 54.500058590154], ['balsamic', 46.800140616368], ['fresh spicy', 45.400226548594]]","{'head': ['Lemon', 'Black Currant'], 'heart': ['Ylang-Ylang', 'Amber', 'Talc'], 'base': ['Agarwood (Oud)', 'Ambergris', 'Sandalwood', 'Cedar', 'Tonka Bean', 'Moss']}",3.5,0,Fragrantica,https://www.fragrantica.com/perfume/Afnan/Zahrat-Al-Oud-72322.html
Naseej Al Oud Afnan for women and men,Afnan,"[['oud', 100.0], ['leather', 69.666832994281], ['woody', 68.499980808352], ['amber', 64.999808083522], ['soft spicy', 57.999846466818], ['animalic', 55.083483667908], ['fresh spicy', 49.83341649714], ['rose', 45.166775419338]]","{'head': ['Agarwood (Oud)', 'Pink Pepper', 'Bergamot', 'Saffron'], 'heart': ['Woodsy Notes', 'Rose', 'Jasmine', 'Orris'], 'base': ['Agarwood (Oud)', 'Leather', 'Amber']}",4.71,0,Fragrantica,https://www.fragrantica.com/perfume/Afnan/Naseej-Al-Oud-78623.html
Al Maqaam Afnan for women,Afnan,"[['warm spicy', 100.0], ['amber', 94.262121549776], ['woody', 89.67193021553], ['vanilla', 80.491547547038], ['sweet', 77.04904332877], ['powdery', 77.04904332877], ['fruity', 72.458851994524], ['white floral', 64.426156442011], ['fresh spicy', 64.426156442011], ['floral', 50.655582439273]]","{'head': ['Peach', 'Spices', 'Oriental notes', 'White Flowers'], 'heart': ['Vanilla', 'Nutmeg', 'Amber', 'Jasmine', 'Gardenia', 'Lilac', 'Violet Leaf'], 'base': ['Sandalwood', 'Amber', 'Fig Nectar', 'Tonka Bean', 'Palisander Rosewood', 'Musk']}",2.5,0,Fragrantica,https://www.fragrantica.com/perfume/Afnan/Al-Maqaam-59134.html
Modest Deux Afnan for women,Afnan,"[['sweet', 100.0], ['fruity', 90.860236376616], ['warm spicy', 69.484413421115], ['vanilla', 58.615055128103], ['patchouli', 57.120250654398], ['cherry', 55.625446180693], ['chocolate', 51.866820020623], ['woody', 46.271912429603], ['powdery', 46.16522566828], ['musky', 45.161814864758]]","{'head': ['Raspberry', 'Dark Chocolate', 'Strawberry', 'Cherry'], 'heart': ['Vanilla', 'Spices'], 'base': ['Patchouli', 'Musk', 'Gardenia']}",4.18,0,Fragrantica,https://www.fragrantica.com/perfume/Afnan/Modest-Deux-59135.html
Turathi Blue Afnan for men,Afnan,"[['citrus', 100.0], ['musky', 69.920399437059], ['fresh', 65.0], ['woody', 64.867601315919], ['amber', 56.939367318949], ['powdery', 54.001183251611], ['warm spicy', 50.637252704895], ['patchouli', 45.772699158278], ['fresh spicy', 44.000062748192]]","{'head': [], 'heart': ['Amber', 'Woodsy Notes'], 'base': ['Musk', 'Spices', 'Patchouli']}",4.37,0,Fragrantica,https://www.fragrantica.com/perfume/Afnan/Turathi-Blue-70839.html
Colonia Club Acqua di Parma for women and men,Acqua di Parma,"[['aromatic', 100.0], ['citrus', 85.301596226533], ['green', 83.542467122731], ['fresh spicy', 80.189662532929], ['lavender', 51.178063078541]]","{'head': ['Mint', 'Bergamot', 'Neroli', 'Lemon', 'Petitgrain', 'Mandarin Orange'], 'heart': ['Lavender', 'Geranium', 'Galbanum'], 'base': ['Haitian Vetiver', 'Ambergris', 'Musk']}",4.03,0,Fragrantica,https://www.fragrantica.com/perfume/Acqua-di-Parma/Colonia-Club-31424.html
Highness IX Afnan for women and men,Afnan,"[['powdery', 100.0], ['musky', 83.640136769037], ['floral', 67.011730416692], ['fruity', 67.011730416692], ['amber', 56.820068384519], ['fresh spicy', 56.820068384519], ['rose', 56.820068384519], ['white floral', 51.456054707615], ['sweet', 48.237502317246], ['animalic', 47.701136995613]]","{'head': ['Musk', 'Nutmeg', 'Rose'], 'heart': ['Powdery Notes', 'Amber', 'Orange Blossom'], 'base': ['Pineapple blossom', 'Peach', 'Apple Blossom']}",3.8,0,Fragrantica,https://www.fragrantica.com/perfume/Afnan/Highness-IX-78432.html
Majestic Gold Afnan for men,Afnan,"[['fruity', 100.0], ['amber', 68.022800777097], ['leather', 63.409206036417], ['sweet', 59.272557238523], ['patchouli', 55.454651725923], ['animalic', 55.295669744994], ['oud', 53.863662931481], ['woody', 48.772732586296], ['musky', 45.400210417328], ['rose', 45.272791035554]]","{'head': ['Blackberry', 'Blueberry', 'Patchouli'], 'heart': ['Leather', 'Agarwood (Oud)', 'Lily', 'Rose'], 'base': ['Amber', 'Resins', 'Musk']}",4.29,0,Fragrantica,https://www.fragrantica.com/perfume/Afnan/Majestic-Gold-27369.html
Hamsa Afnan for women and men,Afnan,"[['amber', 100.0], ['vanilla', 71.034543189941], ['fresh spicy', 70.068911129053], ['powdery', 67.172453073461], ['fruity', 65.482596966909], ['musky', 61.379098835208], ['tropical', 60.41390490139], ['fresh', 59.689680855725], ['citrus', 45.689768481139], ['white floral', 45.689768481139]]","{'head': ['Litchi', 'Amber', 'Styrax'], 'heart': ['Vanilla', 'Nutmeg'], 'base': ['Neroli', 'White Musk']}",4.0,0,Fragrantica,https://www.fragrantica.com/perfume/Afnan/Hamsa-36627.html
Lilia Afnan for women,Afnan,"[['white floral', 100.0], ['floral', 92.222351746074], ['tuberose', 68.889018412741], ['citrus', 67.828218066357], ['amber', 58.28295780668], ['animalic', 57.222157460296], ['powdery', 53.686933448795], ['violet', 47.676897200619], ['sweet', 45.909285194869], ['musky', 44.141284617562]]","{'head': ['Violet', 'Lilac', 'Ylang-Ylang', 'Clove'], 'heart': ['Magnolia', 'Tuberose', 'Orange Blossom'], 'base': ['Amber', 'Musk', 'Akigalawood']}",4.05,0,Fragrantica,https://www.fragrantica.com/perfume/Afnan/Lilia-72323.html
Modest Pour Homme Une Afnan for men,Afnan,"[['fresh spicy', 100.0], ['citrus', 73.475521949337], ['aromatic', 70.116142696668], ['lavender', 59.422799994062], ['woody', 55.690002424794], ['fresh', 51.737934174259], ['amber', 49.7617268494], ['green', 46.863404906002], ['warm spicy', 45.458063430639], ['musky', 45.370078038787]]","{'head': ['Pepper', 'Lavender', 'Mint', 'Nutmeg'], 'heart': ['Citruses', 'Amber', 'Eucalyptus'], 'base': ['Musk', 'Vetiver', 'Cedar']}",4.22,0,Fragrantica,https://www.fragrantica.com/perfume/Afnan/Modest-Pour-Homme-Une-69256.html
Oud Rising Afnan for women and men,Afnan,"[['musky', 100.0], ['woody', 93.0], ['white floral', 88.3331875], ['sweet', 79.0], ['oud', 76.6668125], ['balsamic', 70.8331875], ['powdery', 65.0], ['citrus', 59.1668125], ['animalic', 52.1668125], ['soapy', 44.5831875]]","{'head': ['Orange Blossom', 'Agarwood', 'Cypress'], 'heart': ['Brazilian Rosewood', 'Amber', 'Cardamom'], 'base': ['Musk', 'Vetiver', 'Tonka Bean']}",4.04,0,Fragrantica,https://www.fragrantica.com/perfume/Afnan/Oud-Rising-92433.html
Souvenir Desert Rose Afnan for women,Afnan,"[['fruity', 100.0], ['powdery', 73.129964046413], ['tropical', 65.826809936264], ['sweet', 60.866236313123], ['musky', 60.315125020428], ['fresh', 50.531541101487], ['amber', 46.535340741951]]","{'head': ['Fruity Notes', 'Musk'], 'heart': ['Tropical Fruits', 'Powdery Notes'], 'base': ['Amber', 'Citruses', 'Sandalwood']}",3.51,0,Fragrantica,https://www.fragrantica.com/perfume/Afnan/Souvenir-Desert-Rose-71180.html
Rare Carbon Afnan for men,Afnan,"[['leather', 100.0], ['woody', 81.742264762453], ['ozonic', 71.476926804889], ['powdery', 71.350770116161], ['animalic', 67.742582804525], ['violet', 66.804358690878], ['rose', 61.391812688364], ['oud', 60.670387254085], ['aquatic', 60.561722879341], ['floral', 53.994684153932]]","{'head': ['Leather', 'Violet Leaf', 'Nutmeg', 'Cinnamon'], 'heart': ['Violet', 'Rose', 'Agarwood (Oud)', 'Cedar'], 'base': ['Vetiver', 'Sandalwood', 'Amber']}",4.23,0,Fragrantica,https://www.fragrantica.com/perfume/Afnan/Rare-Carbon-66627.html
Historic Doria Afnan for women and men,Afnan,"[['citrus', 100.0], ['musky', 99.71457535481], ['white floral', 97.999924908012], ['fruity', 92.285649921153], ['woody', 85.71457535481], ['sweet', 84.714274986859], ['amber', 62.85694976346], ['tuberose', 61.428775249681], ['powdery', 55.000150183975], ['animalic', 52.500187729969]]","{'head': ['Raspberry', 'Lemon Zest', 'Orange Blossom'], 'heart': ['Ambroxan', 'Tuberose', 'Jasmine', 'Mandarin Orange'], 'base': ['Woody Notes', 'Musk', 'Jasmine Sambac']}",3.67,0,Fragrantica,https://www.fragrantica.com/perfume/Afnan/Historic-Doria-75671.html
Ornament Pour Femme Afnan for women,Afnan,"[['amber', 100.0], ['vanilla', 99.377515253797], ['sweet', 87.555353614032], ['powdery', 71.455565652632], ['fruity', 67.333434304095], ['white floral', 65.777474865493], ['coconut', 64.222020280699], ['floral', 57.999697087715], ['musky', 56.444242502921], ['animalic', 55.122030377775]]","{'head': ['Fruits', 'Coconut'], 'heart': ['Orange Blossom', 'Floral Notes'], 'base': ['Amber', 'Vanilla', 'Musk']}",3.87,0,Fragrantica,https://www.fragrantica.com/perfume/Afnan/Ornament-Pour-Femme-71177.html
Turathi Brown Afnan for men,Afnan,"[['warm spicy', 100.0], ['woody', 99.140510317921], ['amber', 88.333409448254], ['vanilla', 80.965180685948], ['patchouli', 79.737142558897], ['ozonic', 56.403504765881], ['rose', 56.403504765881], ['powdery', 54.039679795403], ['balsamic', 52.565942705037], ['earthy', 49.894765685654]]","{'head': ['Amber', 'Patchouli', 'Woody Notes', 'Ozonic notes'], 'heart': ['Spicy Notes', 'Aromatic Spices', 'Vanilla'], 'base': ['Balsamic Notes', 'Rose', 'Aquatic notes']}",4.43,0,Fragrantica,https://www.fragrantica.com/perfume/Afnan/Turathi-Brown-84403.html
Kiaana Crush Afnan for women,Afnan,"[['warm spicy', 100.0], ['amber', 85.151342863331], ['musky', 80.378673019999], ['woody', 74.545339686665], ['patchouli', 72.424012706664], ['tropical', 70.833333333333], ['sweet', 70.037993646668], ['vanilla', 67.121326980001], ['fruity', 65.0], ['balsamic', 64.204660313335]]","{'head': [], 'heart': ['Passionfruit', 'Patchouli', 'Agarwood'], 'base': ['Madagascar Vanilla', 'Musk', 'Incense', 'Ambroxan', 'Cedarwood']}",4.1,0,Fragrantica,https://www.fragrantica.com/perfume/Afnan/Kiaana-Crush-97963.html
Naseej Al Zafaran Afnan for women and men,Afnan,"[['warm spicy', 100.0], ['metallic', 59.032217857937], ['leather', 53.225727125119], ['fresh spicy', 51.935395851159], ['woody', 47.419236392301], ['tobacco', 47.419236392301], ['aromatic', 44.193644013555]]","{'head': ['Saffron', 'Black Pepper', 'Cardamom'], 'heart': ['Cedar', 'Agarwood (Oud)', 'Rose'], 'base': ['Vetiver', 'Sweet Notes']}",4.12,0,Fragrantica,https://www.fragrantica.com/perfume/Afnan/Naseej-Al-Zafaran-78625.html
Supremacy Silver Afnan for men,Afnan,"[['fruity', 100.0], ['leather', 67.619059693072], ['woody', 66.342919807045], ['sweet', 64.482843867467], ['smoky', 60.095336498539], ['citrus', 53.192821871613], ['musky', 52.187795153305], ['mossy', 50.185728683989], ['tropical', 49.602236350843], ['fresh', 48.575911053075]]","{'head': ['Pineapple', 'Black Currant', 'Bergamot', 'Apple'], 'heart': ['Birch', 'Patchouli', 'Moroccan Jasmine', 'Rose'], 'base': ['Musk', 'Oakmoss', 'Ambergris', 'Vanilla']}",4.09,0,Fragrantica,https://www.fragrantica.com/perfume/Afnan/Supremacy-Silver-27352.html
9pm pour Femme Afnan for women,Afnan,"[['woody', 100.0], ['rose', 75.270673797927], ['floral', 68.584586391326], ['fruity', 66.087406601282], ['aromatic', 65.040411949727], ['powdery', 63.590226811238], ['violet', 61.818139590439], ['fresh', 56.663061221781], ['sweet', 53.118422275014], ['amber', 50.94360907245]]","{'head': ['Raspberry', 'Violet', 'Apple', 'Orange'], 'heart': ['Rose', 'Iris', 'Peony', 'Jasmine'], 'base': ['Pine', 'Cypress', 'Amber', 'Cedar']}",3.69,0,Fragrantica,https://www.fragrantica.com/perfume/Afnan/9pm-pour-Femme-78544.html
9am Afnan for women,Afnan,"[['citrus', 100.0], ['musky', 64.035166920009], ['aromatic', 60.720653279541], ['woody', 60.720653279541], ['warm spicy', 54.982456541367], ['lavender', 51.766746288444], ['mossy', 48.303827559802], ['powdery', 47.908213995908], ['earthy', 47.759808907734], ['fruity', 47.710207207104]]","{'head': ['Lemon', 'Mandarin Orange', 'Cardamom', 'Pink Pepper'], 'heart': ['Lavender', 'Orange Blossom', 'Green Apple', 'Rose'], 'base': ['Musk', 'Moss', 'Cedar', 'Patchouli']}",3.69,0,Fragrantica,https://www.fragrantica.com/perfume/Afnan/9am-70706.html
Riwayat El Misk Afnan for women,Afnan,"[['fruity', 100.0], ['woody', 87.037357405794], ['citrus', 57.222323391303], ['rose', 57.222323391303], ['leather', 55.926195710142], ['white floral', 55.926195710142], ['patchouli', 55.926195710142], ['fresh', 53.333485086955], ['floral', 53.333485086955], ['smoky', 50.740774463768]]","{'head': ['Black Currant', 'Pineapple', 'Bergamot', 'Apple'], 'heart': ['Red Rose', 'Jasmine'], 'base': ['Patchouli', 'Birch', 'Bark']}",4.0,0,Fragrantica,https://www.fragrantica.com/perfume/Afnan/Riwayat-El-Misk-101014.html
9am Dive Afnan for women and men,Afnan,"[['fruity', 100.0], ['woody', 95.306339767945], ['green', 94.868638508851], ['fresh spicy', 84.889765389399], ['aromatic', 83.959501133014], ['citrus', 83.87780484896], ['fresh', 79.159099040771], ['soft spicy', 55.542909716661], ['warm spicy', 54.685993218953], ['balsamic', 48.824732080487]]","{'head': ['Lemon', 'Mint', 'Black Currant', 'Pink Pepper'], 'heart': ['Apple', 'Cedar', 'Incense'], 'base': ['Ginger', 'Sandalwood', 'Patchouli', 'Jasmine']}",4.23,0,Fragrantica,https://www.fragrantica.com/perfume/Afnan/9am-Dive-78611.html
Supremacy in Oud Afnan for women and men,Afnan,"[['warm spicy', 100.0], ['oud', 97.67940552017], ['fresh spicy', 94.844479830149], ['sweet', 91.372080679406], ['patchouli', 65.78821656051], ['metallic', 60.650743099788], ['lavender', 56.929936305732], ['musky', 56.221337579618], ['leather', 54.520700636943], ['woody', 51.472929936306]]","{'head': ['Saffron', 'Nutmeg', 'Lavender'], 'heart': ['Agarwood (Oud)', 'Sweet Notes'], 'base': ['Patchouli', 'Musk']}",4.3,0,Fragrantica,https://www.fragrantica.com/perfume/Afnan/Supremacy-in-Oud-68283.html
Tribute Black Afnan for women and men,Afnan,"[['warm spicy', 100.0], ['floral', 96.66673825388], ['musky', 96.66673825388], ['amber', 80.00005369041], ['woody', 80.00005369041], ['powdery', 70.833114097491], ['animalic', 49.99994630959]]","{'head': [], 'heart': [], 'base': ['Musk', 'Amber', 'Woody Notes']}",4.21,0,Fragrantica,https://www.fragrantica.com/perfume/Afnan/Tribute-Black-71175.html
La Fleur Bouquet Afnan for women,Afnan,"[['sweet', 100.0], ['floral', 87.095056457633], ['fruity', 84.227381952221], ['white floral', 82.141540686823], ['powdery', 76.275545912654], ['citrus', 66.2382768757], ['musky', 52.159971071295], ['rose', 50.856779581934], ['fresh', 47.597576054498]]","{'head': ['White Flowers', 'Flowers'], 'heart': ['Fruits', 'Citruses', 'Musk'], 'base': ['Sweet Notes', 'Powdery Notes', 'Rose', 'Exotic Woods']}",3.98,0,Fragrantica,https://www.fragrantica.com/perfume/Afnan/La-Fleur-Bouquet-70707.html
Ouddiction Afnan for women and men,Afnan,"[['woody', 100.0], ['oud', 85.118030756703], ['leather', 80.157176422688], ['aromatic', 77.677046135055], ['warm spicy', 71.200919477832], ['fresh spicy', 69.685053395876], ['lavender', 65.826809055669], ['sweet', 61.279210809802], ['amber', 60.314946604124], ['tobacco', 58.661328492786]]","{'head': ['Agarwood (Oud)', 'Lavender', 'Saffron', 'Bergamot'], 'heart': ['Tonka Bean', 'Tobacco', 'Cedar', 'Sandalwood', 'Geranium'], 'base': ['Leather', 'Brazilian Rosewood', 'Amber', 'Patchouli', 'Vetiver']}",4.39,0,Fragrantica,https://www.fragrantica.com/perfume/Afnan/Ouddiction-77452.html
Tribute Blue Afnan for women and men,Afnan,"[['woody', 100.0], ['amber', 90.117770115833], ['musky', 84.215705264789], ['fresh spicy', 69.117498934645], ['powdery', 62.048967574478], ['warm spicy', 50.862743578817], ['aromatic', 50.039127571379], ['balsamic', 44.41173052338]]","{'head': ['Nutmeg', 'Pimento Seeds', 'Bergamot'], 'heart': ['Amber', 'Cashmere Wood'], 'base': ['Musk', 'White Wood', 'Vetiver', 'Incense']}",4.15,0,Fragrantica,https://www.fragrantica.com/perfume/Afnan/Tribute-Blue-71174.html
9PM Elixir Afnan for women and men,Afnan,"[['warm spicy', 100.0], ['patchouli', 65.264678199344], ['aromatic', 65.176527863425], ['vanilla', 63.50121709779], ['fresh spicy', 59.269546590503], ['balsamic', 58.564343903151], ['leather', 58.211742559476], ['woody', 58.035441887638], ['lavender', 54.685274739541], ['amber', 52.921813637986]]","{'head': ['Cardamom', 'Nutmeg', 'elemi'], 'heart': ['Pimento', 'Leather', 'Lavender'], 'base': ['Patchouli', 'Vanilla', 'Labdanum', 'Rock rose']}",4.17,0,Fragrantica,https://www.fragrantica.com/perfume/Afnan/9PM-Elixir-111894.html
Musctique Afnan for women and men,Afnan,"[['green', 100.0], ['musky', 86.927733111542], ['aromatic', 83.132797338508], ['warm spicy', 81.024397005822], ['white floral', 67.952130117364], ['fresh spicy', 62.470196839479], ['powdery', 62.259033361057], ['oud', 55.301266056742], ['fresh', 52.771000831716]]","{'head': ['Musk', 'Cardamom', 'Saffron'], 'heart': ['Lily-of-the-Valley', 'Vanilla'], 'base': ['Musk', 'Mint', 'Agarwood (Oud)']}",4.62,0,Fragrantica,https://www.fragrantica.com/perfume/Afnan/Musctique-77451.html
Supremacy Collector's Edition Pour Homme Afnan for men,Afnan,"[['fruity', 100.0], ['white floral', 93.551637958934], ['sweet', 89.184976086878], ['citrus', 87.79109281168], ['amber', 75.341166528822], ['animalic', 64.906864684095], ['mossy', 62.890610953289], ['tropical', 58.895861052177], ['fresh', 58.579956129311], ['musky', 58.059531087058]]","{'head': ['Pineapple', 'Bergamot', 'White Flowers', 'Apple'], 'heart': ['Orange Blossom', 'Birch', 'Amber'], 'base': ['oak moss', 'Musk', 'Ambergris']}",4.51,0,Fragrantica,https://www.fragrantica.com/perfume/Afnan/Supremacy-Collector-s-Edition-Pour-Homme-98689.html
Zabarjad Afnan for women and men,Afnan,"[['sweet', 100.0], ['fruity', 68.499948423984], ['green', 60.799907163172], ['woody', 60.799907163172], ['amber', 55.200041260813], ['powdery', 54.360125845478], ['honey', 49.599917478375]]","{'head': ['Sweet Notes', 'Herbal Notes', 'Amber'], 'heart': ['Fruits', 'Amber', 'Woodsy Notes'], 'base': ['Honey', 'Powdery Notes', 'Cedar']}",4.36,0,Fragrantica,https://www.fragrantica.com/perfume/Afnan/Zabarjad-72318.html
Kiaana Angel Afnan for women,Afnan,"[['sweet', 100.0], ['woody', 90.299554139066], ['fruity', 79.026157544933], ['vanilla', 70.243363446066], ['powdery', 50.449525544], ['fresh', 49.794226572867], ['white floral', 47.041271286667], ['nutty', 46.254601584666], ['warm spicy', 45.468320553467], ['green', 44.681650851467]]","{'head': ['Ice cream', 'Pistachio', 'Bergamot'], 'heart': ['White Peach', 'Raspberry', 'Pear', 'Jasmine'], 'base': ['Tonka', 'Sandalwood', 'Cedarwood']}",4.22,0,Fragrantica,https://www.fragrantica.com/perfume/Afnan/Kiaana-Angel-97962.html
Patchouli On Fire Afnan for women and men,Afnan,"[['woody', 100.0], ['patchouli', 88.778710398058], ['warm spicy', 85.572448074361], ['lavender', 54.045836071933], ['earthy', 53.511584724183], ['balsamic', 47.633562836938]]","{'head': ['Spicy Notes', 'Woody Notes', 'Aromatic Notes'], 'heart': ['Patchouli', 'Lavender', 'Citruses'], 'base': ['Patchouli', 'Exotic Spices']}",3.91,0,Fragrantica,https://www.fragrantica.com/perfume/Afnan/Patchouli-On-Fire-75681.html
Violet Bouquet Afnan for women,Afnan,"[['amber', 100.0], ['sweet', 80.318834228114], ['warm spicy', 73.775245608269], ['citrus', 65.507103465907], ['animalic', 59.420401007998], ['woody', 54.855191556189], ['metallic', 45.724772652569], ['mossy', 45.217486578284]]","{'head': ['Sweet Notes', 'Saffron', 'Woodsy Notes', 'Citruses'], 'heart': ['Amber', 'Orange', 'Lemon Zest', 'Herbal Notes'], 'base': ['Ambergris', 'Spices', 'Woodsy Notes', 'Oakmoss']}",3.69,0,Fragrantica,https://www.fragrantica.com/perfume/Afnan/Violet-Bouquet-70461.html
Mirsaal With Love Afnan for women,Afnan,"[['oud', 100.0], ['woody', 85.695616104808], ['caramel', 78.695389853152], ['mossy', 63.478080524042], ['amber', 57.391156792398], ['earthy', 53.434769492658], ['sweet', 51.608541538727], ['musky', 51.304233060754], ['floral', 48.260771194932], ['powdery', 44.760658069104]]","{'head': ['Caramel', 'Herbal Notes', 'Green Notes'], 'heart': ['Agarwood (Oud)', 'Woodsy Notes', 'Floral Notes'], 'base': ['Moss', 'Amber', 'Musk']}",3.86,0,Fragrantica,https://www.fragrantica.com/perfume/Afnan/Mirsaal-With-Love-66848.html
Mirsaal of Trust Afnan for men,Afnan,"[['amber', 100.0], ['woody', 85.133067074764], ['fruity', 78.824418648053], ['warm spicy', 72.241424358927], ['musky', 70.705087529394], ['sweet', 64.176962412751], ['aromatic', 56.770930536374], ['earthy', 53.260174436689], ['metallic', 49.200726612171], ['leather', 45.360320007963]]","{'head': ['Ambroxan', 'Vetiver'], 'heart': ['Raspberry', 'Saffron'], 'base': ['Cashmere Wood', 'Amber', 'Carnation']}",4.17,0,Fragrantica,https://www.fragrantica.com/perfume/Afnan/Mirsaal-of-Trust-66849.html
Delicious Bouquet Afnan for women,Afnan,"[['sweet', 100.0], ['citrus', 99.520550848741], ['vanilla', 81.301483100886], ['caramel', 65.160028341822], ['white floral', 61.96370066676], ['powdery', 51.495515572862], ['musky', 50.776129887904], ['rum', 50.456497120398], ['aromatic', 49.657415201633]]","{'head': ['Lemon', 'Vanilla', 'Bergamot', 'White Flowers'], 'heart': ['Rum', 'Sugar', 'Orange Blossom', 'Whipped Cream', 'Honey'], 'base': ['Caramel', 'Vanilla', 'Musk', 'Tonka']}",4.58,0,Fragrantica,https://www.fragrantica.com/perfume/Afnan/Delicious-Bouquet-106062.html
Highness VI Afnan for men,Afnan,"[['amber', 100.0], ['fresh spicy', 75.161249047982], ['animalic', 65.000213252094], ['warm spicy', 62.741873571973], ['lavender', 61.612916984006], ['musky', 61.612916984006], ['powdery', 54.613130236101], ['woody', 49.645209444021], ['fruity', 48.06458492003], ['patchouli', 48.06458492003]]","{'head': ['Ambergris', 'Spices', 'Nutmeg'], 'heart': ['Lavender', 'Patchouli', 'Black Currant'], 'base': ['Amber', 'Musk', 'Oakmoss']}",4.39,0,Fragrantica,https://www.fragrantica.com/perfume/Afnan/Highness-VI-78115.html
Angels' Powder BORNTOSTANDOUT® for women and men,BORNTOSTANDOUT®,"[['sweet', 100.0], ['vanilla', 64.983625704579], ['powdery', 60.885308949883], ['caramel', 48.688604458325], ['musky', 48.426164026883], ['fruity', 46.721204631909]]","{'head': ['Nail Polish', 'Sugar', 'Pink Pepper'], 'heart': ['Cotton Candy', 'Raspberry', 'Vanilla Sugar'], 'base': ['White Musk', 'Heliotrope', 'Guaiac Wood']}",3.78,0,Fragrantica,https://www.fragrantica.com/perfume/BORNTOSTANDOUT/Angels-Powder-91213.html
Fig Porn BORNTOSTANDOUT® for women and men,BORNTOSTANDOUT®,"[['fruity', 100.0], ['sweet', 84.875066311216], ['woody', 80.397800146388], ['powdery', 73.337586204581], ['vanilla', 63.866464319529], ['musky', 60.422377265493], ['rose', 54.682545544894], ['fresh', 53.591549768666], ['floral', 52.214290990404], ['citrus', 51.553864852705]]","{'head': ['Fig', 'Pear', 'Bergamot'], 'heart': ['Turkish Rose', 'Peony', 'Cedar'], 'base': ['Vanilla', 'Musk', 'Sandalwood', 'Amber']}",3.61,0,Fragrantica,https://www.fragrantica.com/perfume/BORNTOSTANDOUT/Fig-Porn-78866.html
Happy Nuts BORNTOSTANDOUT® for women and men,BORNTOSTANDOUT®,"[['sweet', 100.0], ['vanilla', 77.807477762702], ['woody', 76.650836725464], ['nutty', 74.819312528268], ['almond', 71.927709935173], ['caramel', 68.554349464797], ['green', 54.385496758631], ['honey', 53.614578622041], ['aromatic', 53.421981004071], ['fruity', 52.554500226142]]","{'head': ['Pistachio', 'Almond', 'Caramel', 'Rum', 'Honey'], 'heart': ['Vanilla', 'Sesame', 'Davana'], 'base': ['Tonka', 'Tobacco', 'Guaiac Wood', 'White Musk', 'Ambergris', 'Patchouli']}",4.0,0,Fragrantica,https://www.fragrantica.com/perfume/BORNTOSTANDOUT/Happy-Nuts-88768.html
Mary Jane BORNTOSTANDOUT® for women and men,BORNTOSTANDOUT®,"[['aromatic', 100.0], ['green', 79.295321876148], ['woody', 67.602818712495], ['fruity', 51.909111319753], ['citrus', 51.36511613667], ['sweet', 49.500602114545], ['cannabis', 49.422735436992], ['fresh spicy', 49.267359268482], ['herbal', 45.693707392742]]","{'head': ['Mint', 'Rhubarb', 'Grapefruit', 'cannabis'], 'heart': ['Passionfruit', 'elemi', 'Sage'], 'base': ['Pine', 'Woodsy Notes', 'Cashmere Wood', 'Caramel']}",3.67,0,Fragrantica,https://www.fragrantica.com/perfume/BORNTOSTANDOUT/Mary-Jane-91211.html
Drunk Maple BORNTOSTANDOUT® for women and men,BORNTOSTANDOUT®,"[['sweet', 100.0], ['woody', 87.286517060271], ['warm spicy', 68.293238329599], ['coffee', 61.655709406104], ['rum', 60.225878723326], ['vanilla', 57.009586072648], ['powdery', 47.461710801778], ['amber', 47.359606273185], ['leather', 47.155397215999], ['musky', 44.091894075734]]","{'head': ['Rum', 'Davana', 'Pink Pepper'], 'heart': ['Syrup', 'Maple', 'Coffee', 'Suede'], 'base': ['Vanilla', 'Benzoin', 'Orcanox™', 'Sandalwood']}",3.82,0,Fragrantica,https://www.fragrantica.com/perfume/BORNTOSTANDOUT/Drunk-Maple-91212.html
Smokin' Gun BORNTOSTANDOUT® for women and men,BORNTOSTANDOUT®,"[['woody', 100.0], ['warm spicy', 60.638404043548], ['aromatic', 58.1853936503], ['tobacco', 53.442381057139], ['smoky', 53.442381057139], ['whiskey', 53.224160411223], ['amber', 50.116863675143], ['rum', 49.189895423644], ['leather', 48.535609080812], ['balsamic', 48.018039287228]]","{'head': ['Rum', 'Juniper', 'Bitter Orange', 'Campari'], 'heart': ['Incense', 'Whiskey', 'Leather', 'Pine', 'Cinnamon', 'Oak'], 'base': ['Tobacco', 'Virginia Cedar', 'Vanilla', 'Sandalwood']}",3.88,0,Fragrantica,https://www.fragrantica.com/perfume/BORNTOSTANDOUT/Smokin-Gun-78859.html
Drunk Saffron BORNTOSTANDOUT® for women and men,BORNTOSTANDOUT®,"[['warm spicy', 100.0], ['vanilla', 75.806750512713], ['fruity', 74.027822391342], ['sweet', 71.315324553384], ['woody', 69.00280447728], ['leather', 67.179338291616], ['powdery', 51.302599392157], ['metallic', 50.902189221912], ['coffee', 46.454868918485], ['musky', 45.120889031652]]","{'head': ['Plum', 'Cognac'], 'heart': ['Saffron', 'Leather', 'Coffee'], 'base': ['Vanilla', 'Musk', 'Patchouli']}",3.99,0,Fragrantica,https://www.fragrantica.com/perfume/BORNTOSTANDOUT/Drunk-Saffron-78857.html
Sex & Cognac BORNTOSTANDOUT® for women and men,BORNTOSTANDOUT®,"[['woody', 100.0], ['leather', 72.332118935471], ['oud', 68.735186964895], ['warm spicy', 64.723362115903], ['animalic', 54.76286354285]]","{'head': [], 'heart': ['Leather', 'Papyrus'], 'base': ['Cognac', 'Laotian Oud']}",3.29,0,Fragrantica,https://www.fragrantica.com/perfume/BORNTOSTANDOUT/Sex-Cognac-78858.html
Black Guava BORNTOSTANDOUT® for women and men,BORNTOSTANDOUT®,"[['fruity', 100.0], ['oud', 87.731971851422], ['tropical', 85.051236941381], ['woody', 84.020331543819], ['fresh', 75.670251741149], ['warm spicy', 73.556387840975], ['amber', 73.299296285548], ['earthy', 72.371227510157], ['patchouli', 69.175039901335], ['rose', 68.659587202554]]","{'head': ['Guava', 'Mandarin', 'Cardamom'], 'heart': ['Oud', 'Peony', 'Rose', 'Geranium'], 'base': ['Amber', 'Patchouli', 'Cypriol']}",3.71,0,Fragrantica,https://www.fragrantica.com/perfume/BORNTOSTANDOUT/Black-Guava-102807.html
Be My Cookie BORNTOSTANDOUT® for women and men,BORNTOSTANDOUT®,"[['sweet', 100.0], ['musky', 86.276186056358], ['leather', 61.072641117706], ['vanilla', 60.20948845086], ['fruity', 55.894010079545], ['smoky', 54.858169886748], ['woody', 45.53646304031]]","{'head': [], 'heart': ['Cookie', 'Castoreum'], 'base': ['Tonquitone™', 'Vanilla Absolute']}",2.84,0,Fragrantica,https://www.fragrantica.com/perfume/BORNTOSTANDOUT/Be-My-Cookie-100081.html
Mad Honey BORNTOSTANDOUT® for women and men,BORNTOSTANDOUT®,"[['honey', 100.0], ['sweet', 90.277639954069], ['vanilla', 85.55513814661], ['rose', 75.888844785302], ['amber', 72.22218284402], ['warm spicy', 67.666392594378], ['rum', 64.666576884365], ['floral', 64.33315376873], ['woody', 54.333437291788], ['patchouli', 48.889014899137]]","{'head': ['Rum', 'Pink Pepper'], 'heart': ['Honey', 'May Rose'], 'base': ['Tonka Bean', 'Benzoin', 'Bourbon Vanilla', 'Patchouli', 'Orcanox™']}",3.65,0,Fragrantica,https://www.fragrantica.com/perfume/BORNTOSTANDOUT/Mad-Honey-88767.html
Warm Air BORNTOSTANDOUT® for women and men,BORNTOSTANDOUT®,"[['woody', 100.0], ['amber', 96.55724646795], ['aromatic', 72.841571290823], ['caramel', 72.076468368759], ['rum', 69.781578837044], ['warm spicy', 58.497044396931], ['balsamic', 56.776086865384], ['green', 54.480778099191], ['sweet', 51.803127489205], ['fresh spicy', 49.125476879219]]","{'head': [], 'heart': ['Rum', 'Caramel', 'Davana'], 'base': ['Amberwood', 'Cashmere Wood', 'Ambergris']}",3.09,0,Fragrantica,https://www.fragrantica.com/perfume/BORNTOSTANDOUT/Warm-Air-109046.html
Oud Candy BORNTOSTANDOUT® for women and men,BORNTOSTANDOUT®,"[['sweet', 100.0], ['woody', 96.645776655007], ['oud', 86.875], ['leather', 83.375113356652], ['warm spicy', 61.718891695816], ['mossy', 57.708333333333], ['animalic', 56.104336701645], ['caramel', 54.791666666667], ['white floral', 54.791666666667], ['earthy', 52.166893379971]]","{'head': ['Brown sugar', 'Sweet Notes', 'Nutty Notes', 'Milk'], 'heart': [], 'base': ['Oud', 'Leather', 'Saffron', 'Oakmoss', 'Caramel', 'Ambroxan', 'Vanilla', 'Sandalwood', 'Cedarwood', 'dark woodsy notes']}",3.15,0,Fragrantica,https://www.fragrantica.com/perfume/BORNTOSTANDOUT/Oud-Candy-102809.html
Filthy Musk BORNTOSTANDOUT® for women and men,BORNTOSTANDOUT®,"[['musky', 100.0], ['sweet', 76.595511287598], ['powdery', 68.099482240407], ['animalic', 66.790274456462], ['amber', 59.335852657906], ['vanilla', 54.740571729449], ['honey', 54.580088194642], ['fruity', 47.313025163994], ['caramel', 46.564741888067]]","{'head': ['Musk', 'Honey', 'Pineapple'], 'heart': ['Musk', 'Jasmine', 'Nutmeg', 'Patchouli'], 'base': ['Musk', 'Civet', 'Vanilla', 'Caramel', 'Tonka', 'Ambergris', 'Ambroxan', 'Rum']}",3.73,0,Fragrantica,https://www.fragrantica.com/perfume/BORNTOSTANDOUT/Filthy-Musk-97130.html
Wabi-Sabi BORNTOSTANDOUT® for women and men,BORNTOSTANDOUT®,"[['amber', 100.0], ['woody', 93.699918267948], ['aromatic', 80.92490659194], ['fresh spicy', 70.250116760075], ['balsamic', 52.504920603149], ['animalic', 48.025128436082]]","{'head': ['Jasmine', 'Saffron', 'Black Currant'], 'heart': ['Frankincense', 'Hinoki Wood', 'Cypress', 'elemi'], 'base': ['Ambergris', 'Woody Notes', 'Ambroxan', 'White Musk', 'Vanilla']}",3.91,0,Fragrantica,https://www.fragrantica.com/perfume/BORNTOSTANDOUT/Wabi-Sabi-89851.html
Indecent Cherry BORNTOSTANDOUT® for women and men,BORNTOSTANDOUT®,"[['sweet', 100.0], ['cherry', 98.283467259361], ['fruity', 77.491451530176], ['almond', 68.006496837066], ['nutty', 66.778936570354], ['vanilla', 60.497520943751], ['amber', 52.824841853308], ['powdery', 48.845101726791], ['rose', 46.687040519747], ['warm spicy', 45.056847324329]]","{'head': ['Cherry', 'Almond', 'Saffron'], 'heart': ['Sour Cherry', 'Strawberry', 'Bulgarian Rose', 'Mimosa'], 'base': ['Vanilla', 'Amber', 'Musk', 'Benzoin', 'Patchouli']}",3.8,0,Fragrantica,https://www.fragrantica.com/perfume/BORNTOSTANDOUT/Indecent-Cherry-78868.html
Musc X BORNTOSTANDOUT® for women and men,BORNTOSTANDOUT®,"[['amber', 100.0], ['musky', 82.818235365614], ['sweet', 54.500032723431], ['powdery', 47.500054539052], ['caramel', 42.727233062508]]","{'head': [], 'heart': ['Cotton Candy', 'Labdanum'], 'base': ['Musk', 'Ambroxan', 'Sinfonide', 'Benzoin', 'Ambrette', 'Amber Xtreme']}",3.56,0,Fragrantica,https://www.fragrantica.com/perfume/BORNTOSTANDOUT/Musc-X-109043.html
Unholy Oud BORNTOSTANDOUT® for women and men,BORNTOSTANDOUT®,"[['woody', 100.0], ['oud', 66.173221158823], ['warm spicy', 62.7513810075], ['amber', 58.742930276766], ['balsamic', 56.689957934559], ['powdery', 53.268117783236], ['vanilla', 51.508286045002], ['patchouli', 48.575562519409], ['smoky', 45.642509622352]]","{'head': ['Incense', 'Lemon', 'Bergamot'], 'heart': ['Laotian Oud', 'Turkish Rose', 'Bulgarian Rose'], 'base': ['Sandalwood', 'Patchouli', 'Palisander Rosewood', 'Tonka Bean', 'Heliotrope', 'Vanilla']}",3.52,0,Fragrantica,https://www.fragrantica.com/perfume/BORNTOSTANDOUT/Unholy-Oud-78867.html
NSFW BORNTOSTANDOUT® for women and men,BORNTOSTANDOUT®,"[['rose', 100.0], ['woody', 97.355602755863], ['vanilla', 86.777389069361], ['warm spicy', 80.555277906686], ['violet', 76.666458430015], ['amber', 76.666458430015], ['powdery', 74.799825081212], ['patchouli', 70.44434726734], ['floral', 60.800074965195], ['fresh spicy', 58.000124941991]]","{'head': ['Bulgarian Rose', 'Turkish Rose', 'May Rose', 'Damask Rose'], 'heart': ['Vanilla', 'Geranium', 'Papyrus'], 'base': ['Benzoin', 'Violet', 'Patchouli', 'Laotian Oud']}",3.31,0,Fragrantica,https://www.fragrantica.com/perfume/BORNTOSTANDOUT/NSFW-78869.html
L'Animal BORNTOSTANDOUT® for women and men,BORNTOSTANDOUT®,"[['powdery', 100.0], ['honey', 94.473757732987], ['almond', 86.030732388745], ['floral', 82.039433246857], ['sweet', 81.118020355219], ['vanilla', 75.285012971463], ['leather', 71.907802833766], ['woody', 69.144681700259], ['musky', 59.933905408102], ['nutty', 52.10496906805]]","{'head': ['Almond', 'Rum', 'Nutmeg'], 'heart': ['Suede', 'Heliotrope', 'Mugane'], 'base': ['Honey', 'Sandalwood', 'Vanilla', 'Guaiac Wood']}",3.28,0,Fragrantica,https://www.fragrantica.com/perfume/BORNTOSTANDOUT/L-Animal-97128.html
Drunk Lovers BORNTOSTANDOUT® for women and men,BORNTOSTANDOUT®,"[['woody', 100.0], ['warm spicy', 75.028431744206], ['aromatic', 70.516804141231], ['fresh spicy', 67.434476267664], ['citrus', 60.644387508333], ['amber', 59.884900456215], ['vanilla', 58.634034431823], ['powdery', 58.299128093178], ['fruity', 57.562059634766], ['sweet', 54.747839841044]]","{'head': ['Red Berries', 'Cognac', 'Grapefruit', 'Juniper', 'Bergamot', 'Lemon'], 'heart': ['Pepper', 'Ginger', 'Cypress', 'Clary Sage'], 'base': ['Vanilla', 'Sandalwood', 'Amber', 'Musk', 'Virginian Cedar', 'Benzoin', 'Cinnamon', 'Patchouli', 'Vetiver', 'Cardamom']}",4.16,0,Fragrantica,https://www.fragrantica.com/perfume/BORNTOSTANDOUT/Drunk-Lovers-81882.html
Dirty Rice BORNTOSTANDOUT® for women and men,BORNTOSTANDOUT®,"[['woody', 100.0], ['lactonic', 81.283778106681], ['musky', 74.309701854282], ['powdery', 72.038998726757], ['savory', 61.140166620347], ['sweet', 56.809588748925], ['floral', 56.793301577658], ['almond', 51.732967949174], ['warm spicy', 49.819225325259], ['nutty', 46.997020481764]]","{'head': ['Almond', 'Bergamot'], 'heart': ['Rice Basmati', 'Milk', 'Peony'], 'base': ['Sandalwood', 'Musk', 'Cedar', 'Cetalox', 'Vetiver']}",3.85,0,Fragrantica,https://www.fragrantica.com/perfume/BORNTOSTANDOUT/Dirty-Rice-78862.html
Black Mango BORNTOSTANDOUT® for women and men,BORNTOSTANDOUT®,"[['tropical', 100.0], ['sweet', 93.182042541377], ['fruity', 86.000215946075], ['oud', 75.454489364656], ['woody', 73.545526060064], ['leather', 63.636300535238], ['powdery', 61.999969150561], ['amber', 57.272909564869], ['citrus', 52.727244682328], ['terpenic', 52.591198654964]]","{'head': ['Mango', 'Orange'], 'heart': ['Mango', 'Tolu Balsam', 'Bourbon Vanilla'], 'base': ['Oud', 'Leather', 'Cypriol', 'Sandalwood']}",3.76,0,Fragrantica,https://www.fragrantica.com/perfume/BORNTOSTANDOUT/Black-Mango-102808.html
Not Vanilla BORNTOSTANDOUT® for women and men,BORNTOSTANDOUT®,"[['woody', 100.0], ['amber', 68.482075822962], ['fresh spicy', 67.140860287251], ['musky', 66.934486568312], ['aromatic', 64.871176653706], ['powdery', 64.149082274811], ['sweet', 62.188745582284], ['vanilla', 60.950930543432], ['balsamic', 48.157896343138], ['camphor', 46.506906591629]]","{'head': ['Camphor', 'Nutmeg', 'Bergamot'], 'heart': ['Vanilla', 'Juniper Berries', 'Cedar', 'Violet'], 'base': ['Praline', 'Cetalox', 'Musk', 'Guaiac Wood', 'Moss', 'Amber']}",3.41,0,Fragrantica,https://www.fragrantica.com/perfume/BORNTOSTANDOUT/Not-Vanilla-78865.html
Candy Dust BORNTOSTANDOUT® for women and men,BORNTOSTANDOUT®,"[['sweet', 100.0], ['fruity', 74.8436900369], ['vanilla', 57.562509225092], ['lactonic', 55.593800738007], ['fresh', 52.312324723247], ['floral', 51.328118081181], ['rose', 45.531217712177]]","{'head': ['Raspberry', 'Pear', 'Bergamot'], 'heart': ['Dragibus', 'Milk', 'Peony'], 'base': ['Sugar', 'Orcanox™', 'Tonka Bean', 'Moss']}",3.47,0,Fragrantica,https://www.fragrantica.com/perfume/BORNTOSTANDOUT/Candy-Dust-109042.html
Nanatopia BORNTOSTANDOUT® for women and men,BORNTOSTANDOUT®,"[['sweet', 100.0], ['warm spicy', 81.004280792121], ['rum', 75.337138481885], ['cinnamon', 70.929523544357], ['caramel', 70.404761076115], ['fruity', 70.037378623882], ['fresh spicy', 63.583336233599], ['woody', 61.274283924407], ['tropical', 55.738210420074], ['vanilla', 54.242856645669]]","{'head': ['Rum', 'Cinnamon', 'Nutmeg'], 'heart': ['Banana', 'Caramel', 'Bread'], 'base': ['Tonka Bean', 'Cypriol Oil or Nagarmotha', 'Orcanox™']}",3.65,0,Fragrantica,https://www.fragrantica.com/perfume/BORNTOSTANDOUT/Nanatopia-88766.html
Mud BORNTOSTANDOUT® for women and men,BORNTOSTANDOUT®,"[['vanilla', 100.0], ['sweet', 96.937689371581], ['fruity', 80.312241766025], ['aromatic', 79.655983158226], ['lactonic', 79.218706961004], ['balsamic', 77.249931137607], ['powdery', 77.030948727029], ['woody', 71.562586077992], ['warm spicy', 70.140577657105], ['almond', 69.374827844017]]","{'head': ['Milk', 'Almond'], 'heart': ['Chocolate', 'Plum', 'Turkish Rose'], 'base': ['Vanilla', 'elemi', 'Sandalwood', 'Amber']}",3.7,0,Fragrantica,https://www.fragrantica.com/perfume/BORNTOSTANDOUT/Mud-78864.html
Zest Z&T BORNTOSTANDOUT® for women and men,BORNTOSTANDOUT®,"[['aromatic', 100.0], ['woody', 65.303072826466], ['fresh spicy', 54.469596884049], ['soft spicy', 49.053098496102], ['herbal', 47.916755084299], ['citrus', 47.0453907603], ['warm spicy', 44.242506177826]]","{'head': ['Gin', 'Lemon Verbena', 'Juniper', 'Pink Pepper', 'Guatemalan Cardamom'], 'heart': ['Coriander', 'Clary Sage', 'Black Pepper'], 'base': ['Patchouli', 'elemi', 'Virginia Cedar']}",3.18,0,Fragrantica,https://www.fragrantica.com/perfume/BORNTOSTANDOUT/Zest-Z-T-78860.html
Naked Laundry BORNTOSTANDOUT® for women and men,BORNTOSTANDOUT®,"[['animalic', 100.0], ['aldehydic', 99.134203568433], ['fresh', 70.812532409749], ['sweet', 62.773890386228], ['yellow floral', 56.713763500061], ['amber', 56.590078295551], ['lactonic', 54.48742981889], ['woody', 51.024692227422], ['powdery', 50.839164420658], ['soapy', 50.406266204874]]","{'head': ['Aldehydes', 'Skatole', 'Ambrinol', 'Mandarin'], 'heart': ['Mimosa absolute', 'Caramel', 'Honey'], 'base': ['Milk', 'Tonka Bean', 'Woodsy Notes', 'Amber']}",2.86,0,Fragrantica,https://www.fragrantica.com/perfume/BORNTOSTANDOUT/Naked-Laundry-97132.html
Hinoki Shower BORNTOSTANDOUT® for women and men,BORNTOSTANDOUT®,"[['woody', 100.0], ['aromatic', 70.039202640658], ['camphor', 41.372608624581], ['fresh spicy', 41.058844109997], ['tobacco', 40.980352795088]]","{'head': ['Cypress', 'Pine', 'Camphor'], 'heart': ['Cedar', 'Woody Notes', 'Thyme'], 'base': ['Tobacco', 'Moss', 'Vetiver']}",3.54,0,Fragrantica,https://www.fragrantica.com/perfume/BORNTOSTANDOUT/Hinoki-Shower-78861.html
DGAF BORNTOSTANDOUT® for women and men,BORNTOSTANDOUT®,"[['powdery', 100.0], ['citrus', 96.770693468897], ['woody', 91.280220419884], ['musky', 82.964647444604], ['aromatic', 75.052194497264], ['fresh spicy', 73.436997943265], ['violet', 60.68058519927], ['amber', 60.03461523536], ['herbal', 54.141022158407], ['fresh', 53.898715510885]]","{'head': ['Citruses', 'Sage', 'Calabrian bergamot', 'Violet'], 'heart': ['Sandalwood', 'Pepper', 'Bulgarian Rose', 'Incense'], 'base': ['Cashmeran', 'Musk', 'Tonka Bean', 'Amber', 'Balsamic Notes']}",3.7,0,Fragrantica,https://www.fragrantica.com/perfume/BORNTOSTANDOUT/DGAF-81881.html
Cuvee Skin BORNTOSTANDOUT® for women and men,BORNTOSTANDOUT®,"[['floral', 100.0], ['musky', 82.49982828154], ['woody', 78.124785351925], ['mossy', 62.812306816732], ['sweet', 58.437607324038], ['earthy', 52.968717802789], ['aromatic', 51.328119633798], ['vanilla', 49.14042645053]]","{'head': ['Ambrette', 'Oakmoss'], 'heart': ['Vanilla Orchid', 'Tonka Bean'], 'base': ['White Leather', 'White Woods']}",3.31,0,Fragrantica,https://www.fragrantica.com/perfume/BORNTOSTANDOUT/Cuvee-Skin-109044.html
Gold Juice BORNTOSTANDOUT® for women and men,BORNTOSTANDOUT®,"[['fruity', 100.0], ['sweet', 71.651784842031], ['tropical', 69.592719954671], ['white floral', 55.339286063188], ['floral', 52.488667669643], ['green', 46.629120181317], ['caramel', 45.837224751373]]","{'head': ['Mango', 'Durian', 'Rhubarb'], 'heart': ['White Flowers', 'Solar Notes', 'Osmanthus'], 'base': ['Caramel', 'Almond', 'Guaiac Wood']}",3.95,0,Fragrantica,https://www.fragrantica.com/perfume/BORNTOSTANDOUT/Gold-Juice-109045.html
Purple Stain BORNTOSTANDOUT® for women and men,BORNTOSTANDOUT®,"[['warm spicy', 100.0], ['woody', 93.303179531099], ['oud', 87.923134568033], ['amber', 72.812868001285], ['balsamic', 65.31474146237], ['citrus', 60.564179424045], ['white floral', 54.039182100418], ['sweet', 52.093458944438], ['vanilla', 51.749812653891], ['fresh spicy', 51.292152874425]]","{'head': ['Saffron', 'Cinnamon', 'Mandarin', 'Bark', 'Bergamot', 'Ginger', 'Nutmeg'], 'heart': ['Orange Blossom', 'Vanilla', 'Peru Balsam', 'Caramel'], 'base': ['Oud', 'Akigalawood', 'Labdanum', 'Patchouli', 'Cypriol', 'Ambrofix™', 'Concrete']}",3.8,0,Fragrantica,https://www.fragrantica.com/perfume/BORNTOSTANDOUT/Purple-Stain-102810.html
Burnt Roses BORNTOSTANDOUT® for women and men,BORNTOSTANDOUT®,"[['amber', 100.0], ['rose', 82.127497236107], ['aldehydic', 74.680711916663], ['warm spicy', 74.680711916663], ['fresh spicy', 67.792544494791], ['woody', 67.047538967005], ['ozonic', 65.372230267358], ['balsamic', 57.255103470827], ['fresh', 56.808209152769], ['smoky', 56.063748618053]]","{'head': ['Aldehydes', 'Ozonic notes', 'Black Pepper', 'Salt'], 'heart': ['Bulgarian Rose', 'Lavender', 'Oakmoss', 'Cinnamon'], 'base': ['Incense', 'Olibanum', 'Ambergris', 'Cashmeran', 'Sandalwood', 'Patchouli']}",3.57,0,Fragrantica,https://www.fragrantica.com/perfume/BORNTOSTANDOUT/Burnt-Roses-78870.html
FUGAZZI by BORNTOSTANDOUT® BORNTOSTANDOUT® for women and men,BORNTOSTANDOUT®,"[['musky', 100.0], ['amber', 93.225745981375], ['leather', 79.096587599671], ['warm spicy', 64.645001908052], ['woody', 61.935300300602], ['powdery', 61.225772761052], ['citrus', 53.225545133798], ['lactonic', 50.902943755984], ['fresh spicy', 49.225665642344], ['metallic', 46.774187069433]]","{'head': ['Milk', 'Cumin', 'Grapefruit', 'Incense', 'Mandarin'], 'heart': ['Suede', 'Saffron', 'Guaiac Wood', 'Vetiver'], 'base': ['Ambroxan', 'Musk', 'Vanilla', 'Styrax', 'Moss']}",3.91,0,Fragrantica,https://www.fragrantica.com/perfume/BORNTOSTANDOUT/FUGAZZI-by-BORNTOSTANDOUT-99255.html
Naked Neroli BORNTOSTANDOUT® for women and men,BORNTOSTANDOUT®,"[['citrus', 100.0], ['white floral', 69.117750020196], ['green', 60.340451396235], ['aromatic', 55.735432719495], ['fresh spicy', 53.62236438686], ['fresh', 44.736813759622]]","{'head': ['Citron', 'Mint', 'Bergamot', 'Mandarin Orange'], 'heart': ['Neroli', 'Petitgrain Paraguay', 'Orange Blossom', 'Tuberose', 'Bulgarian Rose'], 'base': ['Jasmine', 'Musk', 'Basil', 'Guaiac Wood']}",3.84,0,Fragrantica,https://www.fragrantica.com/perfume/BORNTOSTANDOUT/Naked-Neroli-78863.html
Pumpkin Apple Cider Bath & Body Works for women,Bath & Body Works,"[['sweet', 100.0], ['caramel', 78.514905572031], ['nutty', 68.118854378024], ['fruity', 60.495161542063], ['vanilla', 57.722803184017], ['cinnamon', 57.722803184017], ['warm spicy', 52.178086467926], ['musky', 50.792102388013], ['powdery', 48.712736069924], ['fresh', 44.554393631965]]","{'head': ['Cinnamon', 'Apple', 'Apple juice'], 'heart': ['Caramel', 'Pecan', 'Jasmine'], 'base': ['Praline', 'Vanilla', 'Musk']}",4.71,0,Fragrantica,https://www.fragrantica.com/perfume/Bath-Body-Works/Pumpkin-Apple-Cider-77811.html
Wrapped In Sugar Bath & Body Works for women,Bath & Body Works,"[['powdery', 100.0], ['sweet', 96.249614426385], ['citrus', 76.35385771345], ['coconut', 75.833432198363], ['vanilla', 65.624787440187], ['white floral', 65.416617234152], ['fruity', 64.999723177918], ['amber', 59.166528255625], ['musky', 59.166528255625], ['fresh', 51.249970340491]]","{'head': ['Coconut', 'Apple', 'Mandarin Orange', 'Martini'], 'heart': ['Coconut', 'Jasmine', 'Heliotrope'], 'base': ['Marshmallow', 'Musk', 'Amber', 'White Wood']}",4.05,0,Fragrantica,https://www.fragrantica.com/perfume/Bath-Body-Works/Wrapped-In-Sugar-52658.html
Mystique Bouquet Afnan for women,Afnan,"[['musky', 100.0], ['citrus', 95.507849867762], ['fruity', 90.117607337798], ['powdery', 72.299814304203], ['floral', 65.954645208486], ['amber', 65.561307748579], ['fresh', 65.486466715435], ['sweet', 64.251308311294], ['white floral', 57.700748410331], ['vanilla', 49.090653311575]]","{'head': ['White Peach', 'Mandarin Orange', 'Bergamot', 'Litchi'], 'heart': ['Peony', 'Orange Blossom', 'Mahonia', 'Vetiver'], 'base': ['Musk', 'Ambroxan', 'Vanilla', 'oak moss']}",4.14,0,Fragrantica,https://www.fragrantica.com/perfume/Afnan/Mystique-Bouquet-92434.html
Nadhra Afnan for women and men,Afnan,"[['citrus', 100.0], ['floral', 63.114817159664], ['woody', 56.229594249124], ['tuberose', 52.950649537991], ['rose', 52.950649537991], ['white floral', 48.360687925245]]","{'head': ['Citruses', 'Tuberose'], 'heart': ['Mandarin Orange', 'Rose', 'Grapefruit'], 'base': ['Floral Notes', 'Sandalwood']}",4.11,0,Fragrantica,https://www.fragrantica.com/perfume/Afnan/Nadhra-39295.html
Highness White Afnan for men,Afnan,"[['amber', 100.0], ['musky', 80.000239429201], ['animalic', 73.500275343581], ['white floral', 69.9999401427], ['ozonic', 58.50003591438], ['powdery', 58.000167600441], ['aquatic', 50.99991619978], ['leather', 50.000179571901], ['balsamic', 47.99986831394], ['woody', 47.00013168606]]","{'head': ['Violet Leaf', 'Patchouli', 'Oakmoss'], 'heart': ['Ambergris', 'Jasmine'], 'base': ['Musk', 'Birch', 'Amber']}",4.0,0,Fragrantica,https://www.fragrantica.com/perfume/Afnan/Highness-White-78111.html
Inara White Afnan for women and men,Afnan,"[['woody', 100.0], ['vanilla', 91.25], ['amber', 86.875], ['fruity', 65.0], ['powdery', 61.28125], ['sweet', 59.75], ['white floral', 51.875]]","{'head': ['Fruits', 'Jasmine'], 'heart': ['Vanilla', 'Cedar'], 'base': ['Amber', 'Woodsy Notes']}",4.2,0,Fragrantica,https://www.fragrantica.com/perfume/Afnan/Inara-White-78545.html
Supremacy Incense Afnan for men,Afnan,"[['amber', 100.0], ['smoky', 85.794398261275], ['fresh spicy', 67.558417956998], ['woody', 62.994695416201], ['warm spicy', 60.366654796842], ['oud', 58.64800648338], ['balsamic', 56.692125394467], ['aromatic', 53.293937793932], ['leather', 51.337626935498], ['patchouli', 47.584019941306]]","{'head': ['Oregano', 'Spices', 'Herbal Notes', 'Bergamot'], 'heart': ['Opoponax', 'Amber', 'Labdanum'], 'base': ['Smoke', 'Agarwood (Oud)', 'Leather', 'Patchouli']}",4.04,0,Fragrantica,https://www.fragrantica.com/perfume/Afnan/Supremacy-Incense-64372.html
Portrait - Revival Afnan for women and men,Afnan,"[['sweet', 100.0], ['warm spicy', 81.948484043058], ['cinnamon', 59.021367683633], ['honey', 58.092760997095], ['woody', 56.351498870389], ['amber', 45.671691378885], ['fruity', 45.091270669983]]","{'head': ['Cinnamon', 'Honey', 'Saffron', 'Incense'], 'heart': ['Tonka Bean', 'Praline', 'Oak'], 'base': ['Dates', 'Caramel', 'Sandalwood', 'Dark Chocolate']}",4.39,0,Fragrantica,https://www.fragrantica.com/perfume/Afnan/Portrait-Revival-92431.html
Naseej Al Khuzama Afnan for women and men,Afnan,"[['white floral', 100.0], ['musky', 92.999718600507], ['leather', 68.500140699747], ['oud', 65.0], ['amber', 65.0], ['powdery', 63.250164149705], ['warm spicy', 59.750023449958], ['soft spicy', 57.999718600507], ['animalic', 56.249882750211], ['sweet', 52.75021104962]]","{'head': ['Orange Blossom', 'Gardenia', 'Pink Pepper'], 'heart': ['Saffron', 'Suede', 'Agarwood (Oud)'], 'base': ['Musk', 'White Amber']}",3.0,0,Fragrantica,https://www.fragrantica.com/perfume/Afnan/Naseej-Al-Khuzama-78622.html
9pm Afnan for men,Afnan,"[['vanilla', 100.0], ['amber', 63.176671145548], ['warm spicy', 59.747545000917], ['fruity', 55.930176807288], ['cinnamon', 55.34263441083], ['sweet', 54.837546835878], ['lavender', 52.169988339124], ['fresh', 50.436779704157], ['powdery', 50.40238899971], ['aromatic', 50.331121515795]]","{'head': ['Apple', 'Cinnamon', 'Wild Lavender', 'Bergamot'], 'heart': ['Orange Blossom', 'Lily-of-the-Valley'], 'base': ['Vanilla', 'Tonka Bean', 'Amber', 'Patchouli']}",4.42,0,Fragrantica,https://www.fragrantica.com/perfume/Afnan/9pm-65414.html
Supremacy Noir Afnan for women and men,Afnan,"[['woody', 100.0], ['aromatic', 78.226995233564], ['green', 53.741447047951], ['leather', 48.004060802782], ['patchouli', 44.883297444699], ['conifer', 44.763476447799], ['citrus', 44.403376111372]]","{'head': ['Spruce', 'Bergamot', 'Violet'], 'heart': ['Pine Tree', 'Leather', 'Lavender'], 'base': ['Patchouli', 'Labdanum']}",4.03,0,Fragrantica,https://www.fragrantica.com/perfume/Afnan/Supremacy-Noir-40683.html
Cherry Bouquet Afnan for women,Afnan,"[['cherry', 100.0], ['sweet', 81.266887946067], ['fruity', 80.668347086337], ['almond', 67.212585763876], ['nutty', 60.248749191932], ['woody', 53.720318772714], ['vanilla', 48.860121359619]]","{'head': ['Black Cherry', 'Sour Cherry', 'Cherry Liqueur', 'Almond'], 'heart': ['Raspberry', 'Plum', 'Damask Rose', 'Jasmine Sambac'], 'base': ['Vanilla', 'Patchouli', 'Vetiver', 'Cedar', 'Cloves']}",4.14,0,Fragrantica,https://www.fragrantica.com/perfume/Afnan/Cherry-Bouquet-92435.html
Naseej Al Ehsaas Afnan for women and men,Afnan,"[['oud', 100.0], ['citrus', 78.533484906924], ['fresh spicy', 55.666714033414], ['woody', 55.666714033414], ['rose', 54.500071050121], ['white floral', 53.333428066828]]","{'head': ['Bergamot', 'Mandarin Orange'], 'heart': ['Rose', 'Lily-of-the-Valley'], 'base': ['Agarwood (Oud)', 'Dry Wood']}",5.0,0,Fragrantica,https://www.fragrantica.com/perfume/Afnan/Naseej-Al-Ehsaas-78626.html
Colonia Intensa Acqua di Parma for men,Acqua di Parma,"[['citrus', 100.0], ['fresh spicy', 80.630661425397], ['aromatic', 73.666098927976], ['warm spicy', 68.620277111487], ['woody', 59.424265819577], ['fresh', 55.022424696044], ['leather', 52.068611908368], ['herbal', 48.019908179563], ['amber', 46.211729206325]]","{'head': ['Calabrian bergamot', 'Ginger', 'Cardamom', 'Sicilian Lemon'], 'heart': ['Neroli', 'Artemisia', 'Myrtle'], 'base': ['Leather', 'Cedar', 'Benzoin', 'Musk', 'Patchouli']}",4.25,0,Fragrantica,https://www.fragrantica.com/perfume/Acqua-di-Parma/Colonia-Intensa-1684.html#cc2668612
9am pour Femme Afnan for women,Afnan,"[['citrus', 100.0], ['fruity', 94.944496455798], ['musky', 71.805815612322], ['amber', 68.888758860506], ['sweet', 67.527751772101], ['powdery', 58.583489367393], ['fresh spicy', 51.097365253444], ['animalic', 47.840154250814], ['aromatic', 44.097287236414]]","{'head': ['Bergamot', 'Grapefruit', 'Mandarin Orange'], 'heart': ['Raspberry', 'Black Currant'], 'base': ['Musk', 'Amber', 'Orange']}",4.03,0,Fragrantica,https://www.fragrantica.com/perfume/Afnan/9am-pour-Femme-78541.html
Naseej Al Kiswah Afnan for women and men,Afnan,"[['woody', 100.0], ['amber', 70.384676220303], ['leather', 56.922906583151], ['oud', 56.922906583151], ['patchouli', 56.922906583151], ['animalic', 48.846287684667], ['vanilla', 48.846287684667], ['warm spicy', 48.846287684667]]","{'head': ['Patchouli', 'Tonka Bean', 'Amber'], 'heart': ['Woodsy Notes', 'Cedar'], 'base': ['Amber', 'Leather', 'Agarwood (Oud)']}",3.33,0,Fragrantica,https://www.fragrantica.com/perfume/Afnan/Naseej-Al-Kiswah-78627.html
Turathi Purple Afnan for women,Afnan,"[['warm spicy', 100.0], ['fruity', 89.449391980471], ['patchouli', 76.66696803942], ['sweet', 65.91293341169], ['earthy', 65.710410921749], ['woody', 65.304461823607], ['fresh spicy', 60.434880882419], ['mossy', 54.347904705936], ['fresh', 52.116088784413], ['aromatic', 50.289769901903]]","{'head': ['Red Fruits', 'Cardamom', 'Black Pepper'], 'heart': ['Pineapple', 'Jasmine'], 'base': ['Patchouli', 'Moss', 'Vanilla']}",4.35,0,Fragrantica,https://www.fragrantica.com/perfume/Afnan/Turathi-Purple-84402.html
Paris Oud Afnan for women and men,Afnan,"[['amber', 100.0], ['citrus', 100.0], ['woody', 79.0], ['powdery', 72.0], ['sweet', 69.083063289465], ['vanilla', 64.416705244362], ['aromatic', 59.166589511276], ['fruity', 53.333179022551], ['yellow floral', 47.499768533827], ['animalic', 44.583294755638]]","{'head': ['Orange', 'Lemon', 'Black Currant'], 'heart': ['Amber', 'Woody Notes', 'Ylang-Ylang'], 'base': ['Tonka Bean', 'Powdery Notes', 'Musk']}",3.96,0,Fragrantica,https://www.fragrantica.com/perfume/Afnan/Paris-Oud-84401.html
Zimaya Wujood Afnan for men,Afnan,"[['vanilla', 100.0], ['fresh spicy', 79.518578237681], ['warm spicy', 75.24071088116], ['amber', 74.07398219844], ['powdery', 67.592477748049], ['musky', 58.518288829432], ['balsamic', 55.718470743189], ['aromatic', 53.981607810479], ['sweet', 46.851828882943], ['metallic', 44.259144414716]]","{'head': ['Vanilla', 'Black Pepper', 'elemi'], 'heart': ['Olibanum', 'Saffron', 'Musk'], 'base': ['Vanilla', 'Amber']}",4.65,0,Fragrantica,https://www.fragrantica.com/perfume/Afnan/Zimaya-Wujood-90227.html
Supremacy In Heaven Afnan for men,Afnan,"[['citrus', 100.0], ['woody', 97.119413845884], ['fruity', 79.144292775952], ['green', 70.703648407899], ['musky', 64.855970692294], ['powdery', 63.415677615236], ['fresh spicy', 58.950769076356], ['aromatic', 53.131633754046], ['floral', 46.851868115324], ['soft spicy', 45.123516422854]]","{'head': ['Bergamot', 'Mandarin Orange'], 'heart': ['Green Tea', 'Black Currant'], 'base': ['Musk', 'Woodsy Notes', 'Sandalwood']}",4.06,0,Fragrantica,https://www.fragrantica.com/perfume/Afnan/Supremacy-In-Heaven-70703.html
Souvenir Blooming Bliss Afnan for women,Afnan,"[['vanilla', 100.0], ['woody', 86.526734280964], ['sweet', 79.941879196361], ['coconut', 77.612214389732], ['powdery', 76.092632447131], ['caramel', 71.533886619328], ['musky', 61.403791383688], ['balsamic', 47.981043081562], ['lactonic', 46.663981854969], ['citrus', 44.587355181257]]","{'head': [], 'heart': ['Coconut', 'Caramel', 'Palo Santo'], 'base': ['White Musk', 'Sandalwood']}",4.02,0,Fragrantica,https://www.fragrantica.com/perfume/Afnan/Souvenir-Blooming-Bliss-94921.html
Naseej Al Ward Afnan for women and men,Afnan,"[['rose', 100.0], ['oud', 92.499941741238], ['fruity', 67.499883482476], ['musky', 61.249766964952], ['warm spicy', 60.625], ['sweet', 59.375058258762], ['woody', 53.749708706189], ['floral', 48.749941741238], ['patchouli', 48.749941741238], ['powdery', 48.124766964952]]","{'head': ['Rose', 'Raspberry', 'Saffron'], 'heart': ['Agarwood (Oud)', 'Patchouli'], 'base': ['Rose', 'Musk', 'Cedar']}",2.83,0,Fragrantica,https://www.fragrantica.com/perfume/Afnan/Naseej-Al-Ward-78624.html
L'Aventure Al Haramain Perfumes for men,Al Haramain Perfumes,"[['citrus', 100.0], ['aromatic', 65.227633961579], ['woody', 64.11472238087], ['musky', 52.415979315261], ['fresh spicy', 49.749144407992], ['white floral', 46.280244568706], ['powdery', 46.02270362647]]","{'head': ['Lemon', 'Bergamot', 'elemi'], 'heart': ['Woody Notes', 'Jasmine', 'Lily-of-the-Valley'], 'base': ['Musk', 'Patchouli', 'Amber']}",4.18,0,Fragrantica,https://www.fragrantica.com/perfume/Al-Haramain-Perfumes/L-Aventure-40405.html
LOULOU Rose Al Haramain Perfumes for women,Al Haramain Perfumes,"[['citrus', 100.0], ['floral', 93.805370738523], ['rose', 85.752094194112], ['fresh', 85.132975940618], ['fruity', 73.362835671158], ['tropical', 72.123737482536], ['aromatic', 50.442535067365], ['white floral', 48.583887784432]]","{'head': ['Litchi', 'Bergamot', 'Pitahaya', 'Nutmeg'], 'heart': ['Rose', 'Peony', 'Vanilla'], 'base': ['Lemon', 'Jasmine', 'Musk', 'Amber']}",4.4,0,Fragrantica,https://www.fragrantica.com/perfume/Al-Haramain-Perfumes/LOULOU-Rose-100189.html
Royal Musk Al Haramain Perfumes for women and men,Al Haramain Perfumes,"[['white floral', 100.0], ['musky', 94.615820397857], ['powdery', 91.384972726243], ['iris', 78.461582039786], ['beeswax', 77.384632815914], ['yellow floral', 73.076835920429], ['honey', 65.538757870543], ['animalic', 65.0], ['woody', 62.846101552257], ['sweet', 58.000113303443]]","{'head': ['Ylang-Ylang', 'Pepper', 'Bergamot'], 'heart': ['Orris', 'Lily-of-the-Valley', 'Jasmine'], 'base': ['Musk', 'Beeswax']}",3.94,0,Fragrantica,https://www.fragrantica.com/perfume/Al-Haramain-Perfumes/Royal-Musk-70384.html
Floral Fair Al Haramain Perfumes for women,Al Haramain Perfumes,"[['white floral', 100.0], ['rose', 65.897248701529], ['woody', 61.858899480612], ['fresh spicy', 61.858899480612], ['tuberose', 61.410275129847], ['citrus', 51.538349220917], ['fresh', 48.397248701529], ['floral', 48.173119042156], ['musky', 47.948624350764], ['animalic', 47.051375649236]]","{'head': ['Rose', 'Ginger', 'Bergamot'], 'heart': ['Tuberose', 'Jasmine', 'White Flowers'], 'base': ['Oak', 'Musk', 'Patchouli']}",3.36,0,Fragrantica,https://www.fragrantica.com/perfume/Al-Haramain-Perfumes/Floral-Fair-99984.html
Urbanist Femme Al Haramain Perfumes for women,Al Haramain Perfumes,"[['fruity', 100.0], ['citrus', 82.019551575163], ['sweet', 78.74018479392], ['fresh', 68.90164296301], ['musky', 63.925640944783], ['powdery', 57.310397023115], ['tropical', 54.313582037779], ['white floral', 48.093910630381], ['patchouli', 45.832171801583], ['amber', 44.701081643594]]","{'head': ['Pineapple', 'Apple', 'Lemon', 'Orange'], 'heart': ['Jasmine', 'Iris'], 'base': ['Musk', 'Patchouli', 'Amber']}",3.41,0,Fragrantica,https://www.fragrantica.com/perfume/Al-Haramain-Perfumes/Urbanist-Femme-53249.html
Vintage Classic Al Haramain Perfumes for men,Al Haramain Perfumes,"[['musky', 100.0], ['ozonic', 91.971712345027], ['powdery', 88.459034972853], ['aquatic', 75.663197714933], ['aromatic', 63.118227694947], ['soft spicy', 58.100346895173], ['leather', 58.100346895173], ['warm spicy', 57.09687794344], ['woody', 53.8350678092], ['green', 53.8350678092]]","{'head': ['Pink Pepper', 'Carrot Seeds', 'Mandarin Orange', 'Elemi resin', 'Black Pepper'], 'heart': ['Violet Leaf', 'Cinnamon', 'Artemisia'], 'base': ['Suede', 'Musk', 'Sandalwood', 'Vetiver', 'Vanilla']}",4.21,0,Fragrantica,https://www.fragrantica.com/perfume/Al-Haramain-Perfumes/Vintage-Classic-48765.html
Madinah Al Haramain Perfumes for women and men,Al Haramain Perfumes,"[['rose', 100.0], ['warm spicy', 78.769376076449], ['floral', 78.448913828546], ['woody', 72.128340463359], ['powdery', 63.384465803656], ['white floral', 49.743430190566], ['metallic', 47.436024223568]]","{'head': ['Rose', 'Geranium', 'Davana', 'Orange', 'Bergamot'], 'heart': ['Rose', 'Saffron', 'Sandalwood', 'Orchid', 'Jasmine', 'Cedar', 'Cloves'], 'base': ['Sandalwood', 'Musk', 'Floral Notes', 'Amber', 'Cedar', 'Cashmeran']}",4.11,0,Fragrantica,https://www.fragrantica.com/perfume/Al-Haramain-Perfumes/Madinah-19946.html
Amber Oud Gold Edition Extreme Pure Perfume Al Haramain Perfumes for women and men,Al Haramain Perfumes,"[['sweet', 100.0], ['woody', 73.815513869441], ['amber', 65.174568641292], ['fruity', 61.465288787567], ['powdery', 53.653443347644], ['musky', 51.820270098249], ['ozonic', 50.162070521796], ['vanilla', 49.202145510513], ['citrus', 49.202145510513], ['fresh', 48.590952750165]]","{'head': ['Bergamot', 'Green Notes'], 'heart': ['Sweet Notes', 'Melon', 'Pineapple', 'Cedar', 'Amber'], 'base': ['Woodsy Notes', 'Myrrh', 'Musk', 'Vanilla']}",4.12,0,Fragrantica,https://www.fragrantica.com/perfume/Al-Haramain-Perfumes/Amber-Oud-Gold-Edition-Extreme-Pure-Perfume-78612.html
Husna Al Haramain Perfumes for women and men,Al Haramain Perfumes,"[['citrus', 100.0], ['powdery', 84.330938711276], ['green', 77.347871069274], ['aromatic', 74.793227056801], ['rose', 67.469472211698], ['violet', 64.063110191473], ['woody', 60.656748171247], ['musky', 57.250386151021], ['amber', 57.250386151021], ['floral', 56.569521755603]]","{'head': ['Lemon', 'Violet', 'Mandarin Orange'], 'heart': ['Mint', 'Rose', 'Jasmine'], 'base': ['Musk', 'Amber', 'Sandalwood']}",3.36,0,Fragrantica,https://www.fragrantica.com/perfume/Al-Haramain-Perfumes/Husna-40168.html
Mena Al Haramain Perfumes for women and men,Al Haramain Perfumes,"[['woody', 100.0], ['warm spicy', 70.154577101546], ['amber', 65.636248556362], ['aromatic', 56.090937860909], ['powdery', 54.436375144364], ['conifer', 45.908947059089], ['metallic', 44.636449946365], ['balsamic', 44.000057540001]]","{'head': [], 'heart': ['Sandalwood', 'Saffron'], 'base': ['Sandalwood', 'Amber']}",3.55,0,Fragrantica,https://www.fragrantica.com/perfume/Al-Haramain-Perfumes/Mena-19624.html
Basma Noir Al Haramain Perfumes for women and men,Al Haramain Perfumes,"[['citrus', 100.0], ['woody', 95.333611840535], ['fresh spicy', 82.888981724623], ['powdery', 78.222129386488], ['warm spicy', 70.444351608711], ['amber', 61.111111111111], ['rose', 61.111111111111], ['musky', 61.111111111111], ['floral', 50.22240789369], ['aromatic', 45.555555555556]]","{'head': ['Bergamot', 'Orange', 'Nutmeg', 'Ginger'], 'heart': ['Cedar', 'Sandalwood'], 'base': ['Musk', 'Amber', 'Rose']}",4.5,0,Fragrantica,https://www.fragrantica.com/perfume/Al-Haramain-Perfumes/Basma-Noir-48228.html
Sheikh Eau de Parfum Al Haramain Perfumes for women and men,Al Haramain Perfumes,"[['green', 100.0], ['aromatic', 88.35526746011], ['white floral', 84.952998299765], ['fresh spicy', 84.691505362281], ['fresh', 83.906454355218], ['tobacco', 77.103060423751], ['floral', 68.860024849595], ['fruity', 68.205434213968], ['citrus', 67.185211221554], ['woody', 60.093431205859]]","{'head': ['Apple', 'Citruses', 'Rosemary'], 'heart': ['Mint', 'Jasmine', 'Spices', 'Freesia'], 'base': ['Tobacco', 'Sandalwood', 'Lily-of-the-Valley']}",4.26,0,Fragrantica,https://www.fragrantica.com/perfume/Al-Haramain-Perfumes/Sheikh-Eau-de-Parfum-53260.html
Delicate Al Haramain Perfumes for women,Al Haramain Perfumes,"[['floral', 100.0], ['fruity', 96.484939402313], ['fresh', 91.003987209348], ['powdery', 71.940310291737], ['white floral', 69.557143421105], ['violet', 66.936323082389], ['cinnamon', 62.169989341124], ['musky', 62.169989341124], ['green', 56.522679720501], ['warm spicy', 55.736212545892]]","{'head': ['Red Fruits', 'Violet', 'Cinnamon'], 'heart': ['Tuberose', 'Peony', 'Lily-of-the-Valley'], 'base': ['Black Currant', 'Musk', 'Lilac']}",4.02,0,Fragrantica,https://www.fragrantica.com/perfume/Al-Haramain-Perfumes/Delicate-44519.html
L'Aventure Gold Al Haramain Perfumes for women,Al Haramain Perfumes,"[['green', 100.0], ['fruity', 92.091316375288], ['powdery', 89.476821623837], ['white floral', 88.823523932826], ['musky', 88.823523932826], ['citrus', 74.574853534272], ['floral', 74.444454793551], ['woody', 72.156608887606], ['sweet', 59.73873680877], ['fresh', 57.12424205732]]","{'head': ['Bergamot', 'Green Leaves', 'Black Currant'], 'heart': ['Lily-of-the-Valley', 'Plum', 'Orchid', 'Jasmine', 'Rose'], 'base': ['Musk', 'Sandalwood', 'Vanilla']}",3.8,0,Fragrantica,https://www.fragrantica.com/perfume/Al-Haramain-Perfumes/L-Aventure-Gold-73211.html
LOULOU Noir Al Haramain Perfumes for women,Al Haramain Perfumes,"[['woody', 100.0], ['amber', 77.727337918223], ['lavender', 77.727337918223], ['aromatic', 72.954317286219], ['warm spicy', 63.40923215615], ['cinnamon', 61.818225278815], ['citrus', 61.818225278815], ['fresh spicy', 57.045204646811], ['powdery', 48.29562295541], ['earthy', 45.909112639408]]","{'head': ['Lavender', 'Grapefruit', 'Pineapple', 'Bergamot'], 'heart': ['Cinnamon', 'Jasmine', 'Geranium', 'Juniper'], 'base': ['Cedar', 'Amber', 'Patchouli', 'Vetiver']}",3.33,0,Fragrantica,https://www.fragrantica.com/perfume/Al-Haramain-Perfumes/LOULOU-Noir-100187.html
Black Oudh Al Haramain Perfumes for women and men,Al Haramain Perfumes,"[['woody', 100.0], ['powdery', 77.355277661637], ['musky', 75.370405564636], ['amber', 71.319320384659], ['patchouli', 65.648257250371], ['vanilla', 59.166444942795], ['green', 56.736097913262], ['warm spicy', 47.823938576153], ['animalic', 45.069367896917], ['balsamic', 45.069367896917]]","{'head': [], 'heart': ['Cedar', 'Herbal Notes'], 'base': ['Amber', 'Patchouli', 'Vanilla']}",4.1,0,Fragrantica,https://www.fragrantica.com/perfume/Al-Haramain-Perfumes/Black-Oudh-36596.html
Faris Aswad Al Haramain Perfumes for women and men,Al Haramain Perfumes,"[['woody', 100.0], ['white floral', 83.846522486256], ['patchouli', 83.846522486256], ['earthy', 70.384891864692], ['amber', 56.923261243128], ['warm spicy', 56.923261243128], ['mossy', 56.923261243128], ['citrus', 56.923261243128], ['fruity', 54.230935118815], ['sweet', 51.538608994503]]","{'head': ['Bergamot', 'Pineapple'], 'heart': ['Patchouli', 'Jasmine', 'Cedar'], 'base': ['Moss', 'Amber']}",2.75,0,Fragrantica,https://www.fragrantica.com/perfume/Al-Haramain-Perfumes/Faris-Aswad-51821.html
Zahara Sage Dubai Al Haramain Perfumes for women and men,Al Haramain Perfumes,"[['citrus', 100.0], ['amber', 63.108184350121], ['fresh spicy', 50.810912466828], ['aromatic', 47.499947760102], ['white floral', 39.459391688782]]","{'head': ['Grapefruit', 'Bergamot'], 'heart': ['Verbena', 'Neroli'], 'base': []}",,0,Fragrantica,https://www.fragrantica.com/perfume/Al-Haramain-Perfumes/Zahara-Sage-Dubai-106714.html
Rafia Gold Al Haramain Perfumes for women,Al Haramain Perfumes,"[['woody', 100.0], ['warm spicy', 95.515902489245], ['rose', 79.65606500717], ['aromatic', 66.749935654668], ['powdery', 61.390741625915], ['fresh spicy', 58.437548258999], ['amber', 54.062580431665], ['aldehydic', 52.312387395669], ['patchouli', 51.874839136669], ['fresh', 50.125160863331]]","{'head': ['Saffron', 'Geranium', 'Lemon', 'White Flowers'], 'heart': ['Sandalwood', 'Rose', 'Aldehydes', 'Cedar', 'Lily-of-the-Valley'], 'base': ['Amber', 'Patchouli', 'Musk', 'Amyris']}",3.92,0,Fragrantica,https://www.fragrantica.com/perfume/Al-Haramain-Perfumes/Rafia-Gold-39959.html
Haramain Oud Cambodi Al Haramain Perfumes for women and men,Al Haramain Perfumes,"[['musky', 100.0], ['powdery', 80.049980007997], ['woody', 68.500028560005], ['aromatic', 67.800022848004], ['vanilla', 60.450105672017], ['balsamic', 44.349974295996], ['oud', 44.000114240018]]","{'head': ['Amyris', 'Ginger', 'Precious Woods', 'Leather'], 'heart': ['Sandalwood', 'Agarwood (Oud)', 'Guaiac Wood', 'Patchouli', 'Cedar'], 'base': ['White Musk', 'Vanilla', 'Amber', 'Benzoin', 'Incense', 'Myrhh']}",3.72,0,Fragrantica,https://www.fragrantica.com/perfume/Al-Haramain-Perfumes/Haramain-Oud-Cambodi-53255.html
Amber Oud Bleu Edition Al Haramain Perfumes for women and men,Al Haramain Perfumes,"[['woody', 100.0], ['citrus', 82.559335419549], ['fresh spicy', 79.323424798257], ['aromatic', 75.259104431526], ['amber', 57.621001502313], ['warm spicy', 56.358643049279], ['green', 51.781398635449], ['earthy', 47.519639919956], ['patchouli', 46.57276716526], ['fresh', 46.099330787913]]","{'head': ['Grapefruit', 'Lemon', 'Mint', 'Pink Pepper'], 'heart': ['Ginger', 'Vetiver', 'Jasmine'], 'base': ['Olibanum', 'Sandalwood', 'Cedar', 'Patchouli']}",4.02,0,Fragrantica,https://www.fragrantica.com/perfume/Al-Haramain-Perfumes/Amber-Oud-Bleu-Edition-73206.html
Entourage Rouge Al Haramain Perfumes for women and men,Al Haramain Perfumes,"[['woody', 100.0], ['fresh spicy', 95.545320056192], ['aromatic', 74.54549410112], ['earthy', 74.226991882047], ['mossy', 58.636047191039], ['smoky', 58.636047191039], ['green', 58.317980084287], ['citrus', 52.272529494399], ['patchouli', 52.272529494399], ['warm spicy', 46.7043971208]]","{'head': ['Geranium', 'Bergamot'], 'heart': ['Tea', 'Smoke', 'Nutmeg'], 'base': ['Moss', 'Vetiver', 'Patchouli', 'Cedar']}",3.71,0,Fragrantica,https://www.fragrantica.com/perfume/Al-Haramain-Perfumes/Entourage-Rouge-39348.html
Tanasuk Al Haramain Perfumes for women and men,Al Haramain Perfumes,"[['sweet', 100.0], ['rose', 90.198435511688], ['vanilla', 81.322903411256], ['powdery', 62.53050493828], ['woody', 61.642906511811], ['amber', 59.327373377861], ['musky', 55.468603652195], ['warm spicy', 54.928267371182], ['fruity', 52.150170207543], ['floral', 50.837989548546]]","{'head': ['Rose', 'Grenadine', 'Saffron'], 'heart': ['Woody Notes', 'Amber', 'Jasmine'], 'base': ['Brown sugar', 'Vanilla', 'Musk']}",4.37,0,Fragrantica,https://www.fragrantica.com/perfume/Al-Haramain-Perfumes/Tanasuk-46253.html
Oyuny Spray Al Haramain Perfumes for women,Al Haramain Perfumes,"[['sweet', 100.0], ['fruity', 96.000115600254], ['floral', 66.999942199873], ['citrus', 66.600196520432], ['fresh', 54.800011560025], ['fresh spicy', 54.000115600254], ['patchouli', 54.000115600254], ['green', 51.0], ['woody', 47.999884399746]]","{'head': ['Bergamot', 'Pineapple', 'Rose'], 'heart': ['Apple', 'Freesia', 'Peach'], 'base': ['Sweet Notes', 'Patchouli', 'Tobacco']}",3.87,0,Fragrantica,https://www.fragrantica.com/perfume/Al-Haramain-Perfumes/Oyuny-Spray-63936.html
L'Aventure Ciel Al Haramain Perfumes for women and men,Al Haramain Perfumes,"[['ozonic', 100.0], ['green', 84.342105263158], ['aquatic', 81.578947368421], ['fresh', 77.894736842105], ['musky', 76.052631578947], ['powdery', 74.671052631579], ['woody', 72.368421052632], ['floral', 70.526315789474], ['amber', 66.842105263158], ['animalic', 59.013157894737]]","{'head': ['Bergamot', 'Lemon', 'Citrus'], 'heart': ['Jasmine Tea', 'Violet Leaf', 'Lavender'], 'base': ['Musk', 'Sandalwood', 'Ambergris']}",4.28,0,Fragrantica,https://www.fragrantica.com/perfume/Al-Haramain-Perfumes/L-Aventure-Ciel-94349.html
50 Years Rose Oud Al Haramain Perfumes for women and men,Al Haramain Perfumes,"[['woody', 100.0], ['powdery', 52.764179504259], ['mossy', 52.764179504259], ['oud', 47.073134628194], ['soft spicy', 45.934826970046], ['earthy', 45.934826970046]]","{'head': ['Pink Pepper', 'Galbanum', 'Bergamot'], 'heart': ['Cedar', 'Sandalwood'], 'base': ['Oakmoss', 'Agarwood (Oud)', 'Musk']}",4.46,0,Fragrantica,https://www.fragrantica.com/perfume/Al-Haramain-Perfumes/50-Years-Rose-Oud-70373.html
Dazzle Al Haramain Perfumes for women,Al Haramain Perfumes,"[['fruity', 100.0], ['rose', 93.999802660495], ['woody', 91.999946180135], ['patchouli', 90.000089699775], ['citrus', 83.199949768126], ['aromatic', 80.599822394446], ['fresh spicy', 76.399809836477], ['floral', 74.199653758869], ['herbal', 68.500219764448], ['warm spicy', 59.999730900675]]","{'head': ['Black Currant', 'Bergamot'], 'heart': ['Rose', 'Artemisia'], 'base': []}",3.68,0,Fragrantica,https://www.fragrantica.com/perfume/Al-Haramain-Perfumes/Dazzle-43299.html
Red African Al Haramain Perfumes for women and men,Al Haramain Perfumes,"[['fresh spicy', 100.0], ['caramel', 88.333333333333], ['sweet', 72.58337008337], ['vanilla', 70.833333333333], ['balsamic', 66.458241458241], ['woody', 57.999852999853], ['amber', 53.333333333333], ['powdery', 52.166887166887], ['animalic', 44.874944874945]]","{'head': [], 'heart': ['Nutmeg', 'Caramel'], 'base': ['Vanilla', 'Ambergris', 'Musk']}",4.54,0,Fragrantica,https://www.fragrantica.com/perfume/Al-Haramain-Perfumes/Red-African-61372.html
Mukhallath Al Sultan Al Haramain Perfumes for men,Al Haramain Perfumes,"[['woody', 100.0], ['powdery', 72.052701904052], ['oud', 63.501233394147], ['fresh spicy', 59.622337281908], ['warm spicy', 56.536667780147], ['rose', 54.332361178919], ['musky', 52.921730863119], ['aromatic', 51.334827967212], ['white floral', 51.158555387106], ['earthy', 50.45346506668]]","{'head': ['Cypriol Oil or Nagarmotha', 'Bergamot', 'Plum', 'Aldehydes', 'Mango'], 'heart': ['Rose', 'Geranium', 'Saffron', 'Ylang-Ylang', 'Jasmine', 'Orris Root', 'Lily-of-the-Valley'], 'base': ['Agarwood (Oud)', 'Sandalwood', 'Musk', 'Cedar', 'Amber', 'Rose', 'Vanilla']}",4.21,0,Fragrantica,https://www.fragrantica.com/perfume/Al-Haramain-Perfumes/Mukhallath-Al-Sultan-19609.html
Leather Oudh Al Haramain Perfumes for women,Al Haramain Perfumes,"[['woody', 100.0], ['fruity', 88.18056327767], ['leather', 87.722476785726], ['sweet', 71.963227822619], ['amber', 71.138761607137], ['animalic', 64.106865545735], ['smoky', 63.442550662398], ['musky', 52.218536909578], ['aromatic', 47.362551684912], ['balsamic', 45.988292209079]]","{'head': ['Raspberry', 'Thyme'], 'heart': ['Woody Notes', 'Incense', 'Cashmirwood', 'Jasmine'], 'base': ['Leather', 'Cedar', 'Amber', 'Musk']}",4.29,0,Fragrantica,https://www.fragrantica.com/perfume/Al-Haramain-Perfumes/Leather-Oudh-40256.html
Najm Gold Al Haramain Perfumes for women and men,Al Haramain Perfumes,"[['vanilla', 100.0], ['powdery', 74.512718967396], ['coconut', 71.880238454446], ['sweet', 60.87178358897], ['citrus', 57.521320509597], ['musky', 56.324805129495], ['woody', 55.487281032604], ['lactonic', 44.658138462828]]","{'head': [], 'heart': ['Vanilla', 'Coconut'], 'base': ['Vanilla', 'Musk', 'Sandalwood']}",4.28,0,Fragrantica,https://www.fragrantica.com/perfume/Al-Haramain-Perfumes/Najm-Gold-51828.html
Lamsa Silver Al Haramain Perfumes for women,Al Haramain Perfumes,"[['woody', 100.0], ['powdery', 58.437635625271], ['floral', 54.062635625271], ['musky', 51.875], ['white floral', 51.875], ['yellow floral', 51.875], ['sweet', 49.687635625271]]","{'head': ['Ylang-Ylang', 'Jasmine'], 'heart': ['Cyclamen', 'Palisander Rosewood'], 'base': ['Musk', 'Cedar', 'Sandalwood']}",4.33,0,Fragrantica,https://www.fragrantica.com/perfume/Al-Haramain-Perfumes/Lamsa-Silver-63939.html
Solitaire Al Haramain Perfumes for women and men,Al Haramain Perfumes,"[['woody', 100.0], ['tobacco', 83.516627441595], ['fresh spicy', 75.311008283803], ['leather', 74.954060127382], ['animalic', 66.391492813169], ['patchouli', 64.250734639063], ['citrus', 58.542356429588], ['warm spicy', 57.400773864135], ['sweet', 56.758546411903], ['powdery', 48.909410028322]]","{'head': ['Cumin', 'Bergamot', 'Lemon'], 'heart': ['Leather', 'Sandalwood', 'Cedar'], 'base': ['Tobacco', 'Patchouli']}",3.92,0,Fragrantica,https://www.fragrantica.com/perfume/Al-Haramain-Perfumes/Solitaire-42267.html
La Lune Noir Al Haramain Perfumes for women and men,Al Haramain Perfumes,"[['warm spicy', 100.0], ['floral', 96.66664238097], ['fruity', 63.333321190485], ['green', 63.333321190485], ['woody', 63.333321190485], ['sweet', 46.666788095151]]","{'head': ['Green Notes', 'Fruity Notes', 'Citruses'], 'heart': ['Woody Notes', 'Musk', 'Aromatic Notes'], 'base': ['Spicy Notes', 'Floral Notes', 'Powdery Notes']}",3.0,0,Fragrantica,https://www.fragrantica.com/perfume/Al-Haramain-Perfumes/La-Lune-Noir-99987.html
Nima Al Haramain Perfumes for women,Al Haramain Perfumes,"[['musky', 100.0], ['woody', 83.200013271966], ['amber', 71.999800920506], ['white floral', 71.999800920506], ['powdery', 71.300036497907], ['yellow floral', 57.999867280337], ['animalic', 57.300102857739], ['sweet', 50.999900460253]]","{'head': ['White Flowers', 'Ylang-Ylang'], 'heart': ['Musk', 'Amber'], 'base': []}",4.0,0,Fragrantica,https://www.fragrantica.com/perfume/Al-Haramain-Perfumes/Nima-26545.html
Musk Poudree Al Haramain Perfumes for women and men,Al Haramain Perfumes,"[['white floral', 100.0], ['iris', 100.0], ['powdery', 98.833668955115], ['musky', 88.333424041923], ['fresh', 71.999891149693], ['earthy', 69.666684808385], ['green', 60.333315191615], ['amber', 53.333696167692], ['warm spicy', 51.583383223058], ['woody', 48.083301585327]]","{'head': ['Lily-of-the-Valley', 'Orris Root', 'Benzoin'], 'heart': ['Musk', 'Ylang-Ylang', 'Beeswax'], 'base': ['Patchouli', 'Coumarin', 'Vetiver', 'Cedar']}",4.11,0,Fragrantica,https://www.fragrantica.com/perfume/Al-Haramain-Perfumes/Musk-Poudree-90943.html
Rare Passion Afnan for women,Afnan,"[['vanilla', 100.0], ['citrus', 97.902627785615], ['rose', 94.669426265523], ['white floral', 85.930285441189], ['musky', 85.930285441189], ['powdery', 81.560715029022], ['sweet', 77.016318633459], ['animalic', 53.770398291824], ['amber', 50.973722143854], ['floral', 49.400827879657]]","{'head': ['Rose', 'Musk', 'Orange'], 'heart': ['Vanilla', 'Amber', 'Woody Notes'], 'base': ['Rose', 'Orange Blossom', 'Musk']}",3.99,0,Fragrantica,https://www.fragrantica.com/perfume/Afnan/Rare-Passion-84525.html
Turathi Red Afnan for women,Afnan,"[['floral', 100.0], ['rose', 87.232642700863], ['fresh', 60.817702615371], ['musky', 60.817702615371], ['white floral', 56.415212601123], ['powdery', 48.050345316235], ['woody', 47.609960056995]]","{'head': ['Rose', 'Musk', 'Floral Notes'], 'heart': ['Rose', 'Jasmine', 'Woodsy Notes'], 'base': ['Peony', 'Musk', 'Apricot']}",4.28,0,Fragrantica,https://www.fragrantica.com/perfume/Afnan/Turathi-Red-84404.html
Junoon Rose Al Haramain Perfumes for women,Al Haramain Perfumes,"[['powdery', 100.0], ['floral', 80.049187103083], ['almond', 77.072232279546], ['fruity', 70.197446927407], ['rose', 65.855477231319], ['vanilla', 59.473727101803], ['amber', 51.710663414691], ['leather', 47.039460280687], ['fresh', 44.802465758209]]","{'head': ['Cherry Blossom', 'Bergamot', 'Ylang-Ylang'], 'heart': ['Powdery Notes', 'Amaretto', 'Rose', 'Heliotrope'], 'base': ['Suede', 'Tonka Bean', 'Amber']}",3.9,0,Fragrantica,https://www.fragrantica.com/perfume/Al-Haramain-Perfumes/Junoon-Rose-55792.html
Sadaf Al Haramain Perfumes for women and men,Al Haramain Perfumes,"[['rose', 100.0], ['citrus', 96.818093560601], ['warm spicy', 76.454377765142], ['iris', 68.181906439399], ['woody', 66.90914386364], ['fresh spicy', 66.90914386364], ['powdery', 61.818093560601], ['floral', 58.636187121202], ['metallic', 55.454280681802], ['aromatic', 54.181518106043]]","{'head': ['Rose', 'Bergamot', 'Orange'], 'heart': ['Saffron', 'Orris', 'Cedar', 'Geranium'], 'base': ['Saffron', 'Orris', 'Cedar', 'Geranium']}",3.86,0,Fragrantica,https://www.fragrantica.com/perfume/Al-Haramain-Perfumes/Sadaf-70383.html
Zahara Amber Dubai Al Haramain Perfumes for women and men,Al Haramain Perfumes,"[['sweet', 100.0], ['fruity', 86.757125868668], ['tuberose', 86.757125868668], ['white floral', 84.86528670705], ['amber', 77.29727972054], ['vanilla', 77.29727972054], ['patchouli', 77.29727972054], ['warm spicy', 73.513601397302], ['floral', 72.567356646475], ['animalic', 58.378237764317]]","{'head': ['Osmanthus', 'Spices', 'Fruity Notes'], 'heart': ['Gourmand Accord', 'Tuberose', 'White Flowers'], 'base': ['Patchouli', 'Vanilla', 'Amber']}",3.5,0,Fragrantica,https://www.fragrantica.com/perfume/Al-Haramain-Perfumes/Zahara-Amber-Dubai-106712.html
Tohfa Al Haramain Perfumes for women and men,Al Haramain Perfumes,"[['amber', 100.0], ['oud', 81.578756288574], ['fresh spicy', 77.157823764328], ['aromatic', 71.631658109019], ['rose', 68.684196877755], ['warm spicy', 66.381411752502], ['woody', 66.289611534671], ['balsamic', 66.289611534671], ['musky', 63.158031222447], ['powdery', 61.408121985374]]","{'head': ['elemi', 'Black Pepper'], 'heart': ['Labdanum', 'Rose', 'Saffron', 'Violet'], 'base': ['Agarwood (Oud)', 'Amber', 'Sandalwood', 'Musk']}",3.67,0,Fragrantica,https://www.fragrantica.com/perfume/Al-Haramain-Perfumes/Tohfa-19622.html
Black Musk Al Haramain Perfumes for women and men,Al Haramain Perfumes,"[['warm spicy', 100.0], ['fresh spicy', 90.307463719124], ['oud', 89.230515243471], ['lavender', 83.845772865207], ['patchouli', 78.461580792755], ['musky', 73.07683841449], ['woody', 59.077058536815], ['metallic', 56.92316158551], ['earthy', 54.769264634204], ['powdery', 54.769264634204]]","{'head': ['Lavender', 'Saffron', 'Nutmeg'], 'heart': [], 'base': ['Patchouli', 'Musk']}",4.09,0,Fragrantica,https://www.fragrantica.com/perfume/Al-Haramain-Perfumes/Black-Musk-100181.html
Safa Al Haramain Perfumes for women and men,Al Haramain Perfumes,"[['aromatic', 100.0], ['citrus', 93.149801550911], ['woody', 68.317767979634], ['fresh spicy', 65.53485881136], ['white floral', 59.969554021437], ['warm spicy', 58.256876022508], ['soft spicy', 56.758346966774], ['patchouli', 55.688115797428], ['fruity', 51.406677573419], ['rose', 51.406677573419]]","{'head': ['Bergamot', 'Mandarin Orange', 'Fig'], 'heart': ['Coriander', 'Juniper Berries', 'Rose', 'Cinnamon', 'Jasmine', 'Lily'], 'base': ['Patchouli', 'Musk', 'Amber']}",3.93,0,Fragrantica,https://www.fragrantica.com/perfume/Al-Haramain-Perfumes/Safa-33321.html
Azlan Oud Amber Edition Al Haramain Perfumes for women and men,Al Haramain Perfumes,"[['aromatic', 100.0], ['woody', 90.72323485029], ['amber', 84.81901755222], ['leather', 84.81901755222], ['sweet', 78.072531967278], ['vanilla', 76.385910571043], ['citrus', 72.169009610039], ['animalic', 64.578170915733], ['caramel', 63.735207688031], ['aquatic', 63.735207688031]]","{'head': ['Clary Sage', 'Grapefruit', 'Bergamot'], 'heart': ['Leather', 'Watery Notes', 'Carnation', 'Fruity Notes'], 'base': ['Guaiac Wood', 'Tonka Bean', 'Amber', 'Caramel', 'Cedarwood', 'Musk', 'Vanilla', 'Balsamic Notes']}",3.5,0,Fragrantica,https://www.fragrantica.com/perfume/Al-Haramain-Perfumes/Azlan-Oud-Amber-Edition-99969.html
Cherry Blossom Al Haramain Perfumes for women and men,Al Haramain Perfumes,"[['rose', 100.0], ['citrus', 68.500038500038], ['floral', 58.000051333385], ['fresh spicy', 53.333333333333], ['musky', 53.333333333333], ['aromatic', 44.000025666692]]","{'head': ['Rose', 'Bergamot', 'Orange Blossom'], 'heart': ['Cedarwood', 'Musk', 'Vanilla'], 'base': ['Musk', 'Sandalwood', 'Vanilla']}",1.67,0,Fragrantica,https://www.fragrantica.com/perfume/Al-Haramain-Perfumes/Cherry-Blossom-90946.html
Portfolio Neroli Canvas Al Haramain Perfumes for women and men,Al Haramain Perfumes,"[['citrus', 100.0], ['white floral', 66.060737432284], ['aromatic', 53.088603352362], ['fresh spicy', 49.710921589986], ['green', 45.337913899444], ['fresh', 45.109674927958]]","{'head': ['Bergamot', 'Lemon', 'Petitgrain'], 'heart': ['Neroli', 'Orange Blossom'], 'base': ['Musk', 'Amber', 'Cedar']}",4.37,0,Fragrantica,https://www.fragrantica.com/perfume/Al-Haramain-Perfumes/Portfolio-Neroli-Canvas-53265.html
L'Aventure Blanche Al Haramain Perfumes for women,Al Haramain Perfumes,"[['citrus', 100.0], ['white floral', 73.478406137027], ['woody', 69.022980440898], ['aromatic', 68.9158631197], ['fruity', 61.132784048006], ['floral', 59.871232016251], ['powdery', 59.25378719537], ['fresh spicy', 56.892060755501], ['lavender', 54.691244178043], ['iris', 52.007698013351]]","{'head': ['Lemon', 'Bergamot', 'Lavender', 'Rose'], 'heart': ['Black Currant', 'Jasmine', 'Orris', 'Lily-of-the-Valley'], 'base': ['Sandalwood', 'Amber']}",3.78,0,Fragrantica,https://www.fragrantica.com/perfume/Al-Haramain-Perfumes/L-Aventure-Blanche-45688.html
L'Aventure Intense Al Haramain Perfumes for men,Al Haramain Perfumes,"[['citrus', 100.0], ['woody', 65.382643957826], ['aromatic', 63.88896999189], ['fresh spicy', 51.565733982157], ['musky', 46.804541768045]]","{'head': ['Bergamot', 'Lemon', 'elemi'], 'heart': ['Woody Notes', 'Lily-of-the-Valley', 'Jasmine'], 'base': ['Musk', 'Patchouli', 'Amber']}",4.27,0,Fragrantica,https://www.fragrantica.com/perfume/Al-Haramain-Perfumes/L-Aventure-Intense-58870.html
Chateau De La Haramain Argent  Al Haramain Perfumes for women,Al Haramain Perfumes,"[['rose', 100.0], ['patchouli', 100.0], ['musky', 100.0], ['woody', 81.333112879987], ['powdery', 67.33322310666], ['warm spicy', 65.000275566683], ['earthy', 63.833526230012], ['citrus', 56.833581343348], ['aromatic', 54.500082670005], ['floral', 54.500082670005]]","{'head': [], 'heart': ['Rose', 'Cassis'], 'base': ['Patchouli', 'Musk']}",5.0,0,Fragrantica,https://www.fragrantica.com/perfume/Al-Haramain-Perfumes/Chateau-De-La-Haramain-Argent-53247.html
L'Aventure Grapefruit Al Haramain Perfumes for women and men,Al Haramain Perfumes,"[['floral', 100.0], ['fruity', 88.549119078632], ['sweet', 68.416740933708], ['fresh', 63.984095427435], ['powdery', 59.181942825804], ['vanilla', 58.443408514431], ['rose', 52.533214506067], ['white floral', 52.163707410708], ['caramel', 52.163707410708], ['woody', 51.42469321999]]","{'head': ['Red Berries', 'Lychee', 'Blackcurrant', 'Grapefruit'], 'heart': ['Freesia', 'Melon', 'Rose', 'Magnolia', 'Jasmine', 'Almond Blossom', 'Iris', 'Lily of the Valley'], 'base': ['Vanilla', 'Caramel', 'Musk', 'Sandalwood', 'Benzoin', 'Patchouli', 'Vetiver']}",3.79,0,Fragrantica,https://www.fragrantica.com/perfume/Al-Haramain-Perfumes/L-Aventure-Grapefruit-94350.html
Areej Al Oud Al Haramain Perfumes for women and men,Al Haramain Perfumes,"[['woody', 100.0], ['warm spicy', 71.057782506467], ['earthy', 63.653873486808], ['patchouli', 52.43601041214], ['rose', 45.705235714779]]","{'head': ['Saffron', 'Geranium', 'Rose'], 'heart': ['Cypriol Oil or Nagarmotha', 'Patchouli', 'Guaiac Wood'], 'base': ['Sandalwood', 'Musk']}",3.27,0,Fragrantica,https://www.fragrantica.com/perfume/Al-Haramain-Perfumes/Areej-Al-Oud-70374.html
50 Years Platinum Oud Al Haramain Perfumes for women and men,Al Haramain Perfumes,"[['woody', 100.0], ['warm spicy', 62.941247532134], ['aromatic', 59.792354102525], ['amber', 55.432515083321], ['fresh spicy', 54.221569493725], ['powdery', 44.169658019356]]","{'head': ['Black Pepper', 'Cardamom'], 'heart': ['Dry Wood', 'Cedar', 'Vetiver'], 'base': ['Amber', 'Musk', 'Tonka Bean']}",4.33,0,Fragrantica,https://www.fragrantica.com/perfume/Al-Haramain-Perfumes/50-Years-Platinum-Oud-70372.html
Musk Collection Al Haramain Perfumes for women and men,Al Haramain Perfumes,"[['fresh spicy', 100.0], ['citrus', 72.29729840528], ['woody', 68.301848891075], ['aromatic', 67.641536506375], ['green', 59.05661460255], ['fresh', 45.518919362112], ['powdery', 44.198007625138]]","{'head': ['Lemon', 'Mint', 'White Flowers'], 'heart': ['Ginger', 'Nutmeg', 'Jasmine', 'Lily-of-the-Valley'], 'base': ['Cedar', 'Musk', 'Rose', 'Patchouli', 'Sandalwood']}",3.52,0,Fragrantica,https://www.fragrantica.com/perfume/Al-Haramain-Perfumes/Musk-Collection-70386.html
Angel Al Haramain Perfumes for women and men,Al Haramain Perfumes,"[['vanilla', 100.0], ['fresh spicy', 91.39352989353], ['powdery', 82.184684684685], ['aromatic', 70.85257985258], ['musky', 54.67199017199], ['lavender', 51.80343980344], ['citrus', 48.93447993448], ['sweet', 46.12285012285], ['floral', 45.72153972154]]","{'head': ['Rosemary', 'Mandarin Orange', 'Galbanum'], 'heart': ['Nutmeg', 'Heliotrope', 'Lavender'], 'base': ['Vanilla', 'Musk', 'Amber']}",3.94,0,Fragrantica,https://www.fragrantica.com/perfume/Al-Haramain-Perfumes/Angel-34904.html
Junoon Noir Al Haramain Perfumes for women,Al Haramain Perfumes,"[['powdery', 100.0], ['citrus', 68.419893319441], ['vanilla', 67.119794792811], ['woody', 66.902979581205], ['violet', 59.582790681872], ['iris', 58.452339158107], ['white floral', 54.118413155004], ['musky', 52.611012332816], ['fresh', 48.541069750059], ['floral', 46.072864406972]]","{'head': ['Kumquat', 'Lime'], 'heart': ['Violet', 'Orris', 'Jasmine', 'Lily-of-the-Valley'], 'base': ['Vanilla', 'Musk', 'Sandalwood', 'Cedar']}",4.26,0,Fragrantica,https://www.fragrantica.com/perfume/Al-Haramain-Perfumes/Junoon-Noir-51823.html
Oudi Sanitizer Al Haramain Perfumes for women and men,Al Haramain Perfumes,"[['amber', 100.0], ['woody', 71.034562913357], ['musky', 63.793009934416], ['smoky', 61.37941721781], ['sweet', 58.965437086642], ['citrus', 55.345048011733], ['leather', 54.137864238869], ['rose', 54.137864238869], ['oud', 54.137864238869], ['animalic', 50.517087749398]]","{'head': ['Sweet Notes', 'Rose'], 'heart': ['Woody Notes', 'Citruses', 'Leather', 'Smoke'], 'base': ['Labdanum', 'Resin', 'Musk', 'Amber', 'Agarwood (Oud)']}",5.0,0,Fragrantica,https://www.fragrantica.com/perfume/Al-Haramain-Perfumes/Oudi-Sanitizer-63930.html
Farasha Eau de Parfum Al Haramain Perfumes for women and men,Al Haramain Perfumes,"[['fruity', 100.0], ['musky', 82.5], ['sweet', 70.249864812669], ['green', 65.0], ['powdery', 56.249864812669], ['floral', 47.5], ['woody', 47.5]]","{'head': ['Fruity Notes', 'Green Notes', 'Floral Notes'], 'heart': ['Floral Notes', 'Woody Notes'], 'base': ['Musk', 'Floral Notes']}",4.0,0,Fragrantica,https://www.fragrantica.com/perfume/Al-Haramain-Perfumes/Farasha-Eau-de-Parfum-99972.html
Natural Forest Al Haramain Perfumes for women and men,Al Haramain Perfumes,"[['citrus', 100.0], ['sweet', 95.364591773652], ['fruity', 94.437342072252], ['aromatic', 76.821278306955], ['green', 60.225315255295], ['fresh spicy', 59.205214541657], ['soft spicy', 45.761564362497]]","{'head': ['Orange', 'Coriander', 'Citron', 'Mint', 'Black Currant', 'Lemon'], 'heart': ['Apricot', 'May Rose', 'Basil', 'Carrot Seeds'], 'base': ['Dates', 'Fig', 'Ambrette']}",5.0,0,Fragrantica,https://www.fragrantica.com/perfume/Al-Haramain-Perfumes/Natural-Forest-106437.html
L'Aventure Fraiche Al Haramain Perfumes for women and men,Al Haramain Perfumes,"[['citrus', 100.0], ['green', 72.389098651526], ['fresh spicy', 70.444400283889], ['woody', 68.888800567779], ['fresh', 61.499900638751], ['musky', 61.111199432221], ['ozonic', 59.361249112846], ['aromatic', 58.777799858055], ['powdery', 55.277899219304], ['warm spicy', 50.222398864443]]","{'head': ['Bergamot', 'Lemon', 'Ginger'], 'heart': ['Tea', 'Violet Leaves', 'Cardamom'], 'base': ['Musk', 'Woody Notes', 'Sandalwood']}",4.14,0,Fragrantica,https://www.fragrantica.com/perfume/Al-Haramain-Perfumes/L-Aventure-Fraiche-96480.html
Musk Maliki Al Haramain Perfumes for women and men,Al Haramain Perfumes,"[['powdery', 100.0], ['white floral', 95.882352941176], ['musky', 87.647058823529], ['violet', 71.176470588235], ['aromatic', 70.352941176471], ['floral', 63.764705882353], ['rose', 62.941176470588], ['fresh spicy', 62.941176470588], ['woody', 60.882352941176], ['yellow floral', 56.352941176471]]","{'head': ['Violet', 'Violet Leaf', 'Lemon', 'Green Apple'], 'heart': ['Moroccan Jasmine', 'Italian Jasmine', 'Geranium', 'Bulgarian Rose'], 'base': ['Musk', 'Narcissus', 'Sandalwood']}",4.13,0,Fragrantica,https://www.fragrantica.com/perfume/Al-Haramain-Perfumes/Musk-Maliki-70385.html
Affaf Al Haramain Perfumes for women,Al Haramain Perfumes,"[['woody', 100.0], ['rose', 95.356542090251], ['powdery', 83.158633803847], ['oud', 75.742924010824], ['fruity', 61.326702259928], ['sweet', 59.03978644043], ['citrus', 55.075184670519], ['warm spicy', 54.53455715644], ['amber', 53.564396986762], ['patchouli', 48.019893220215]]","{'head': ['Plum', 'Bergamot', 'Mango', 'Citruses', 'Red Berries', 'Orange', 'Lime', 'Lavender'], 'heart': ['Taif Rose', 'Amber', 'Patchouli', 'Ylang-Ylang', 'Iris', 'Jasmine', 'Lily-of-the-Valley'], 'base': ['Agarwood (Oud)', 'Sandalwood', 'Amber', 'Patchouli', 'Musk', 'Cedar', 'Vanilla', 'Oakmoss']}",4.02,0,Fragrantica,https://www.fragrantica.com/perfume/Al-Haramain-Perfumes/Affaf-3897.html
Blanche Al Haramain Perfumes for women and men,Al Haramain Perfumes,"[['fruity', 100.0], ['tropical', 98.333006414867], ['rose', 84.166612180256], ['floral', 83.124614054588], ['fresh spicy', 73.749682162602], ['fresh', 70.833206198374], ['woody', 69.999709405808], ['citrus', 61.458274306388], ['powdery', 54.1668301259], ['aromatic', 49.999854702904]]","{'head': ['Litchi', 'Pitahaya', 'Nutmeg', 'Bergamot'], 'heart': ['Rose', 'Peony', 'Vanilla'], 'base': ['Cedar', 'Musk', 'Vetiver', 'Cashmeran']}",4.0,0,Fragrantica,https://www.fragrantica.com/perfume/Al-Haramain-Perfumes/Blanche-83050.html
Oudh 36 Al Haramain Perfumes for women and men,Al Haramain Perfumes,"[['amber', 100.0], ['woody', 68.800091689188], ['rose', 52.000081337183], ['warm spicy', 48.500068397177], ['patchouli', 44.000051760026]]","{'head': ['Labdanum', 'Ylang-Ylang', 'Geranium'], 'heart': ['Rose', 'Cedar', 'Patchouli'], 'base': ['Labdanum', 'Amber', 'Benzoin']}",4.39,0,Fragrantica,https://www.fragrantica.com/perfume/Al-Haramain-Perfumes/Oudh-36-53256.html
Junoon Al Haramain Perfumes for women,Al Haramain Perfumes,"[['powdery', 100.0], ['vanilla', 61.661004663831], ['iris', 52.955785126992], ['sweet', 44.488882218138], ['floral', 43.534846942885]]","{'head': ['Powdery Notes', 'Rose', 'Ylang-Ylang', 'Jasmine'], 'heart': ['Iris', 'Tonka Bean', 'Rose', 'Jasmine'], 'base': ['Heliotrope', 'Musk', 'Vanilla']}",3.95,0,Fragrantica,https://www.fragrantica.com/perfume/Al-Haramain-Perfumes/Junoon-42649.html
Portfolio Imperial Oud Al Haramain Perfumes for women and men,Al Haramain Perfumes,"[['amber', 100.0], ['balsamic', 71.891221439912], ['warm spicy', 62.953380617105], ['animalic', 58.549087112584], ['woody', 54.041511355008], ['oud', 53.316119624491], ['musky', 52.538784772555], ['smoky', 46.580425553945]]","{'head': ['Animal notes', 'Amber'], 'heart': ['Incense', 'Ambrarome', 'Myrhh'], 'base': ['Agarwood (Oud)', 'Patchouli', 'Musk']}",4.13,0,Fragrantica,https://www.fragrantica.com/perfume/Al-Haramain-Perfumes/Portfolio-Imperial-Oud-53266.html
Belle Rouge Al Haramain Perfumes for women,Al Haramain Perfumes,"[['citrus', 100.0], ['fruity', 71.259759011513], ['aromatic', 68.484302526162], ['lavender', 68.237883492416], ['sweet', 61.391817124749], ['vanilla', 59.233526277456], ['woody', 58.986660022233], ['white floral', 55.903067939331], ['fresh spicy', 52.696042728818], ['powdery', 51.462605895657]]","{'head': ['Grapefruit', 'Orange', 'Mandarin Orange', 'Pear', 'Lemon'], 'heart': ['Lavender', 'Jasmine', 'Rose', 'Peach', 'Black Currant'], 'base': ['Vanilla', 'Tonka Bean', 'Sandalwood', 'Musk', 'Vetiver', 'Cedar']}",3.98,0,Fragrantica,https://www.fragrantica.com/perfume/Al-Haramain-Perfumes/Belle-Rouge-63932.html
50 Years Golden Oudh Al Haramain Perfumes for women and men,Al Haramain Perfumes,"[['warm spicy', 100.0], ['fresh spicy', 100.0], ['oud', 98.164628765915], ['musky', 88.726449398326], ['woody', 86.104393526554], ['amber', 85.58038960913], ['powdery', 82.696331778646], ['aromatic', 80.860960544561], ['rose', 66.704030873954], ['patchouli', 64.081975002182]]","{'head': ['Black Pepper', 'Thyme', 'Cloves', 'Sage'], 'heart': ['Agarwood (Oud)', 'Rose', 'Patchouli', 'Resin'], 'base': ['Agarwood (Oud)', 'Musk', 'Amber', 'Sandalwood', 'Vanilla']}",4.33,0,Fragrantica,https://www.fragrantica.com/perfume/Al-Haramain-Perfumes/50-Years-Golden-Oudh-63798.html
Opposite Black Al Haramain Perfumes for men,Al Haramain Perfumes,"[['green', 100.0], ['aromatic', 77.979295435862], ['woody', 69.812380111439], ['fresh spicy', 58.291568979691], ['fresh', 56.833297810797], ['herbal', 55.083457662211], ['amber', 53.333191243187], ['ozonic', 52.166489053984], ['fruity', 47.50010656761], ['sweet', 47.354322077764]]","{'head': ['Chamomile', 'Basil', 'Lavender', 'Lemon', 'Citruses'], 'heart': ['Fig Leaf', 'Violet Leaf', 'Plum', 'Mint', 'Saffron'], 'base': ['Amber', 'Vetiver', 'Cedar', 'Vanilla']}",4.18,0,Fragrantica,https://www.fragrantica.com/perfume/Al-Haramain-Perfumes/Opposite-Black-48766.html
Shefon Al Haramain Perfumes for women and men,Al Haramain Perfumes,"[['warm spicy', 100.0], ['woody', 94.638614769434], ['fresh spicy', 79.298140063832], ['amber', 71.404233464177], ['aromatic', 68.425400785062], ['powdery', 64.255548626142], ['citrus', 59.325580542206], ['white floral', 56.808466928354], ['patchouli', 49.361898822407], ['musky', 47.87248248285]]","{'head': ['Nutmeg', 'Rosemary', 'Cloves', 'Tamarind', 'Lemon', 'Cardamom', 'Bergamot', 'Green Notes'], 'heart': ['Jasmine', 'Rose', 'Lily-of-the-Valley', 'Orris', 'Palisander Rosewood'], 'base': ['Patchouli', 'Benzoin', 'Amber', 'Musk', 'Sandalwood', 'Cedar', 'Agarwood (Oud)']}",4.17,0,Fragrantica,https://www.fragrantica.com/perfume/Al-Haramain-Perfumes/Shefon-44653.html
Noir Al Haramain Perfumes for women and men,Al Haramain Perfumes,"[['warm spicy', 100.0], ['fresh spicy', 96.714891651268], ['aromatic', 79.278095078112], ['citrus', 72.960202138978], ['woody', 68.917142617168], ['oud', 65.379220561062], ['honey', 60.324906209754], ['earthy', 59.819278795005], ['patchouli', 55.270591858447], ['sweet', 45.162453104877]]","{'head': ['Black Pepper', 'Grapefruit', 'Neroli'], 'heart': ['Honey', 'Cardamom', 'Saffron'], 'base': ['Agarwood', 'Vetiver', 'Patchouli', 'Olibanum']}",4.32,0,Fragrantica,https://www.fragrantica.com/perfume/Al-Haramain-Perfumes/Noir-83052.html
Haramain Gold Crystal Sapphire Al Haramain Perfumes for women and men,Al Haramain Perfumes,"[['woody', 100.0], ['aromatic', 90.26107461681], ['green', 74.435094129384], ['lavender', 66.52187714593], ['citrus', 66.52187714593], ['fresh spicy', 62.260983920913], ['powdery', 59.217683108537], ['herbal', 53.434912737591], ['warm spicy', 51.304466125083], ['white floral', 48.260711833223]]","{'head': ['Green Notes', 'Lemon', 'Galbanum', 'Bergamot'], 'heart': ['Lavender', 'Jasmine', 'Geranium', 'Sage'], 'base': ['Sandalwood', 'Cedarwood', 'White Musk', 'Patchouli']}",1.0,0,Fragrantica,https://www.fragrantica.com/perfume/Al-Haramain-Perfumes/Haramain-Gold-Crystal-Sapphire-99985.html
Detour Noir Exclusif Al Haramain Perfumes for women and men,Al Haramain Perfumes,"[['woody', 100.0], ['almond', 62.525123933003], ['oud', 58.989704027456], ['powdery', 57.858320377812], ['animalic', 56.656302249861], ['vanilla', 54.747528673257], ['warm spicy', 51.45974010736], ['nutty', 49.51523862603], ['musky', 49.51523862603], ['sweet', 48.843389750961]]","{'head': ['Almond', 'Mandarin Orange', 'Watery Notes', 'Bergamot'], 'heart': ['Civet', 'Geranium', 'Rose', 'Water Lily', 'Gardenia'], 'base': ['Laotian Oud', 'Guaiac Wood', 'Vanilla', 'Sandalwood', 'Indonesian Patchouli Leaf', 'Coffee', 'Amber', 'Pink Pepper', 'Oakmoss']}",4.13,0,Fragrantica,https://www.fragrantica.com/perfume/Al-Haramain-Perfumes/Detour-Noir-Exclusif-92659.html
Obsessive Oudh Al Haramain Perfumes for women and men,Al Haramain Perfumes,"[['oud', 100.0], ['amber', 66.128989861059], ['musky', 59.354862936538], ['powdery', 50.09688321442], ['fresh spicy', 44.0]]","{'head': ['Amber', 'Musk'], 'heart': ['Agarwood (Oud)', 'Amber'], 'base': []}",4.68,0,Fragrantica,https://www.fragrantica.com/perfume/Al-Haramain-Perfumes/Obsessive-Oudh-26559.html
Haramain Gold Crystal Oudh Al Haramain Perfumes for women and men,Al Haramain Perfumes,"[['white floral', 100.0], ['soft spicy', 74.459566703198], ['amber', 67.837888906285], ['sweet', 62.162111093715], ['yellow floral', 58.37851115634], ['tuberose', 58.37851115634], ['animalic', 52.702733343771], ['aromatic', 51.283694414002], ['oud', 48.919133406395], ['citrus', 44.18925557817]]","{'head': ['Pink Pepper', 'Tuberose', 'Clary Sage'], 'heart': ['Orange Blossom', 'Ylang Ylang', 'Jasmine'], 'base': ['Amber', 'Tuberose', 'Agarwood (Oud)']}",3.67,0,Fragrantica,https://www.fragrantica.com/perfume/Al-Haramain-Perfumes/Haramain-Gold-Crystal-Oudh-99974.html
Étoiles Silver Al Haramain Perfumes for men,Al Haramain Perfumes,"[['aquatic', 100.0], ['fresh spicy', 97.941243806316], ['fresh', 83.529378096842], ['citrus', 75.294353322104], ['aromatic', 72.823502477474], ['lavender', 71.176268581053], ['fruity', 62.941243806316], ['musky', 62.941243806316], ['woody', 60.470392961685], ['powdery', 57.176497522526]]","{'head': ['Water Notes', 'Green Apple', 'Bergamot', 'Clary Sage'], 'heart': ['Lavender', 'Orange Blossom', 'Nutmeg', 'Geranium'], 'base': ['Musk', 'Cedar', 'Moss', 'Ambergris']}",3.91,0,Fragrantica,https://www.fragrantica.com/perfume/Al-Haramain-Perfumes/Etoiles-Silver-78609.html
Amber Sanitizer Al Haramain Perfumes for women and men,Al Haramain Perfumes,"[['musky', 100.0], ['iris', 76.666766066575], ['warm spicy', 74.333353213315], ['powdery', 73.166497686822], ['metallic', 65.0], ['leather', 58.000059639945], ['earthy', 55.666646786685], ['tobacco', 50.999821080165]]","{'head': ['Rose', 'Bergamot', 'Orange'], 'heart': ['Saffron', 'Orris', 'Geranium', 'Cedar'], 'base': ['Musk', 'Labdanum', 'Amber', 'Incense', 'Guaiac Wood', 'Vanilla']}",,0,Fragrantica,https://www.fragrantica.com/perfume/Al-Haramain-Perfumes/Amber-Sanitizer-63929.html
Zahara Ajwa Dubai Al Haramain Perfumes for women and men,Al Haramain Perfumes,"[['musky', 100.0], ['marine', 99.231203788319], ['aromatic', 91.538589349506], ['soapy', 79.230871479605], ['aquatic', 77.692697515992], ['lavender', 76.153942012129], ['soft spicy', 67.692531361635], ['ozonic', 66.538755503863], ['powdery', 64.61560189416], ['salty', 57.692365207278]]","{'head': ['Marine notes', 'Pink Pepper', 'Lavender'], 'heart': ['Soap', 'Violet Leaf', 'Myrtle'], 'base': ['Musk', 'Sandalwood', 'Cashmere Wood']}",4.75,0,Fragrantica,https://www.fragrantica.com/perfume/Al-Haramain-Perfumes/Zahara-Ajwa-Dubai-106711.html
Dazzle Intense Al Haramain Perfumes for women and men,Al Haramain Perfumes,"[['sweet', 100.0], ['white floral', 74.496162271043], ['fruity', 71.240405677607], ['vanilla', 59.166563896572], ['citrus', 57.403029075128], ['powdery', 53.808131169876], ['patchouli', 51.705455036616], ['balsamic', 50.72173969216], ['musky', 46.279194047556], ['aromatic', 45.73656794865]]","{'head': ['elemi', 'Tangerine', 'Orange Blossom'], 'heart': ['Plum', 'Jasmine', 'Orris'], 'base': ['Praline', 'Vanilla', 'Patchouli', 'Musk']}",3.88,0,Fragrantica,https://www.fragrantica.com/perfume/Al-Haramain-Perfumes/Dazzle-Intense-52854.html
Natural Iris Al Haramain Perfumes for women and men,Al Haramain Perfumes,"[['citrus', 100.0], ['fresh spicy', 60.676214546476], ['white floral', 53.800617803988], ['fresh', 52.213704015726], ['iris', 51.156135916877], ['powdery', 49.833754563325]]","{'head': ['Bergamot', 'Orange', 'Mandarin'], 'heart': ['Iris', 'Grapefruit', 'Ginger'], 'base': ['Lily of the Valley', 'Musk']}",4.7,0,Fragrantica,https://www.fragrantica.com/perfume/Al-Haramain-Perfumes/Natural-Iris-106440.html
Royal Rose Al Haramain Perfumes for women and men,Al Haramain Perfumes,"[['powdery', 100.0], ['floral', 90.646864774269], ['rose', 87.327875176248], ['green', 63.944105988454], ['yellow floral', 62.586527973609], ['aromatic', 55.043031205938], ['iris', 54.137979196041], ['musky', 54.137979196041], ['ozonic', 50.064779589774], ['vanilla', 49.008885578228]]","{'head': ['Mimosa', 'Violet Leaf', 'Geranium'], 'heart': ['Orris', 'Galbanum', 'Freesia'], 'base': ['Rose', 'Heliotrope', 'White Musk']}",4.0,0,Fragrantica,https://www.fragrantica.com/perfume/Al-Haramain-Perfumes/Royal-Rose-26557.html
Rawaa Al Haramain Perfumes for women,Al Haramain Perfumes,"[['white floral', 100.0], ['vanilla', 99.961674985628], ['warm spicy', 92.350965881612], ['sweet', 79.776528666198], ['cacao', 79.061767148163], ['almond', 77.516630318736], ['powdery', 66.15901230963], ['tuberose', 64.382009143253], ['coffee', 58.973710865142], ['nutty', 58.509978191242]]","{'head': ['Almond', 'Coffee'], 'heart': ['Jasmine', 'Tuberose', 'Orris'], 'base': ['Cacao Pod', 'Vanilla', 'Tonka Bean', 'Sandalwood']}",4.0,0,Fragrantica,https://www.fragrantica.com/perfume/Al-Haramain-Perfumes/Rawaa-51826.html
Faris Al Haramain Perfumes for women and men,Al Haramain Perfumes,"[['woody', 100.0], ['aromatic', 65.0], ['citrus', 63.211616273511], ['warm spicy', 59.762590515281], ['earthy', 55.803006098485], ['fresh spicy', 55.803006098485], ['patchouli', 52.992688814002], ['herbal', 51.332046782262], ['powdery', 48.393987803029], ['floral', 45.456336944227]]","{'head': ['Bergamot', 'Chamomile', 'Lemon'], 'heart': ['Cedar', 'Patchouli', 'Geranium', 'Thyme'], 'base': ['Sandalwood', 'Saffron', 'Leather', 'Vetiver']}",3.67,0,Fragrantica,https://www.fragrantica.com/perfume/Al-Haramain-Perfumes/Faris-52426.html
Amber Oud Gold Edition Al Haramain Perfumes for women and men,Al Haramain Perfumes,"[['sweet', 100.0], ['fruity', 96.473941012683], ['ozonic', 76.180924699084], ['powdery', 74.50618415425], ['vanilla', 74.260563687624], ['musky', 73.981949426973], ['fresh', 71.949776113541], ['amber', 70.919636544555], ['aquatic', 69.58399888275], ['citrus', 60.991559524121]]","{'head': ['Bergamot', 'Green Notes'], 'heart': ['Melon', 'Pineapple', 'Amber', 'Gourmand Accord'], 'base': ['Vanilla', 'Musk', 'Woody Notes']}",4.27,0,Fragrantica,https://www.fragrantica.com/perfume/Al-Haramain-Perfumes/Amber-Oud-Gold-Edition-51816.html
Hayati Gold Al Haramain Perfumes for women and men,Al Haramain Perfumes,"[['powdery', 100.0], ['musky', 89.433792117555], ['woody', 76.226250436344], ['amber', 63.018708755132], ['sweet', 58.396083711498], ['warm spicy', 46.509499825463]]","{'head': ['Musk', 'Vanilla'], 'heart': ['White Musk', 'Powdery Notes', 'Sweet Notes'], 'base': ['White Musk', 'Woodsy Notes', 'Tolu Balsam']}",4.38,0,Fragrantica,https://www.fragrantica.com/perfume/Al-Haramain-Perfumes/Hayati-Gold-73227.html
L'Aventure Iris Al Haramain Perfumes for women and men,Al Haramain Perfumes,"[['aromatic', 100.0], ['powdery', 97.624625013888], ['iris', 87.50027776749], ['amber', 82.5], ['warm spicy', 78.749953705418], ['woody', 73.249972223251], ['vanilla', 64.500296285323], ['citrus', 59.99972223251], ['violet', 58.750138883745], ['soft spicy', 58.62505092404]]","{'head': ['Cardamom', 'Green Notes', 'Bergamot', 'Lemon'], 'heart': ['Iris', 'Aromatic Notes', 'Clary Sage', 'Lavender', 'Cedarwood', 'Jasmine', 'Patchouli'], 'base': ['Amber', 'Vanilla', 'Musk', 'Benzoin']}",4.02,0,Fragrantica,https://www.fragrantica.com/perfume/Al-Haramain-Perfumes/L-Aventure-Iris-94351.html
Détour Noir Al Haramain Perfumes for women and men,Al Haramain Perfumes,"[['vanilla', 100.0], ['woody', 93.356001548073], ['warm spicy', 83.965278929618], ['powdery', 78.06877868082], ['fresh spicy', 74.838834522032], ['aromatic', 68.06877868082], ['fruity', 62.13799966827], ['lavender', 53.218333609775], ['fresh', 52.769945264555], ['white floral', 52.413888428153]]","{'head': ['Apple', 'Lavender', 'Jasmine', 'Violet'], 'heart': ['Vanilla', 'Patchouli', 'Bergamot', 'Mandarin Orange'], 'base': ['Sandalwood', 'Cardamom', 'Pepper', 'Guaiac Wood', 'Geranium']}",4.33,0,Fragrantica,https://www.fragrantica.com/perfume/Al-Haramain-Perfumes/Detour-Noir-70748.html
Portfolio Oriental Forest Al Haramain Perfumes for women and men,Al Haramain Perfumes,"[['warm spicy', 100.0], ['amber', 63.793146147417], ['fresh spicy', 63.390706745504], ['floral', 62.787357211405], ['cinnamon', 62.184007677306], ['aromatic', 60.976999040337], ['citrus', 50.114850013931]]","{'head': ['Carnation', 'Bergamot', 'Cardamom'], 'heart': ['Cinnamon', 'Carnation', 'Nutmeg', 'Labdanum', 'Galbanum', 'Cedar', 'Cumin'], 'base': []}",4.0,0,Fragrantica,https://www.fragrantica.com/perfume/Al-Haramain-Perfumes/Portfolio-Oriental-Forest-57645.html
Oudh 36 Nuit Al Haramain Perfumes for women and men,Al Haramain Perfumes,"[['rose', 100.0], ['oud', 97.134682655074], ['warm spicy', 96.152201764867], ['woody', 78.877164696906], ['musky', 71.426936531015], ['aromatic', 67.005772525084], ['fresh spicy', 65.532051189774], ['powdery', 61.929621259015], ['amber', 53.742784343645], ['floral', 47.68415218737]]","{'head': ['Cardamom', 'Geranium', 'Cedar'], 'heart': ['Agarwood (Oud)', 'Rose', 'Saffron'], 'base': ['Musk', 'Sandalwood', 'Labdanum']}",4.38,0,Fragrantica,https://www.fragrantica.com/perfume/Al-Haramain-Perfumes/Oudh-36-Nuit-42650.html
Dehnal Oudh Ateeq Eau De Parfum Al Haramain Perfumes for men,Al Haramain Perfumes,"[['woody', 100.0], ['warm spicy', 99.799017317518], ['oud', 92.356327902455], ['fresh spicy', 81.09180243862], ['powdery', 75.560294804745], ['aromatic', 64.19554175647], ['amber', 64.19554175647], ['musky', 62.184132390842], ['citrus', 58.160786145986], ['floral', 44.482885951559]]","{'head': ['Geranium', 'Bergamot', 'Orange'], 'heart': ['Agarwood (Oud)', 'Cloves', 'Saffron', 'Floral Notes'], 'base': ['Cedar', 'Amber', 'Musk', 'Sandalwood']}",3.83,0,Fragrantica,https://www.fragrantica.com/perfume/Al-Haramain-Perfumes/Dehnal-Oudh-Ateeq-Eau-De-Parfum-26552.html
Mukhallath Seufi Al Haramain Perfumes for women,Al Haramain Perfumes,"[['woody', 100.0], ['fresh spicy', 98.521088186964], ['warm spicy', 93.098411539164], ['citrus', 89.943399671353], ['aromatic', 73.38019597103], ['white floral', 69.436431136267], ['powdery', 64.014363094151], ['earthy', 59.577627655042], ['patchouli', 59.577627655042], ['oud', 59.577627655042]]","{'head': ['Bergamot', 'Orange', 'Lime', 'Lavender', 'Geranium', 'Mango', 'Sage', 'Aldehydes', 'Plum'], 'heart': ['Cloves', 'Jasmine', 'Nutmeg', 'Geranium', 'Lily-of-the-Valley', 'Orris Root', 'Rose', 'Saffron', 'Ylang-Ylang', 'Palisander Rosewood'], 'base': ['Agarwood (Oud)', 'Patchouli', 'Cedar', 'Musk', 'Sandalwood', 'Amber', 'Moss', 'Tonka Bean', 'Vetiver', 'Vanilla']}",4.4,0,Fragrantica,https://www.fragrantica.com/perfume/Al-Haramain-Perfumes/Mukhallath-Seufi-31165.html
Musk Al Ghazal Eau de Parfum Al Haramain Perfumes for women and men,Al Haramain Perfumes,"[['musky', 100.0], ['warm spicy', 90.714488460615], ['fresh spicy', 81.428467456095], ['sweet', 73.571496153538], ['anis', 72.857226035124], ['powdery', 68.214470265431], ['chocolate', 67.14306508781], ['soft spicy', 63.214579436532], ['aromatic', 62.142664793776], ['vanilla', 62.142664793776]]","{'head': ['Caraway', 'Anise'], 'heart': [], 'base': ['Spices', 'Dark Chocolate', 'Woody Notes', 'Vanilla']}",3.69,0,Fragrantica,https://www.fragrantica.com/perfume/Al-Haramain-Perfumes/Musk-Al-Ghazal-Eau-de-Parfum-53267.html
Opulent Saffron Al Haramain Perfumes for women and men,Al Haramain Perfumes,"[['powdery', 100.0], ['almond', 85.645823001668], ['floral', 81.569812001262], ['fruity', 78.556872999414], ['leather', 74.658491501736], ['amber', 65.442946666066], ['vanilla', 64.734232000361], ['musky', 61.89892250124], ['fresh', 49.493710833596], ['rose', 44.177449168207]]","{'head': ['Cherry Blossom', 'Ylang-Ylang', 'Bergamot'], 'heart': ['Amaretto', 'Heliotrope', 'Powdery Notes', 'Rose'], 'base': ['Suede', 'Amber', 'Tonka Bean']}",4.05,0,Fragrantica,https://www.fragrantica.com/perfume/Al-Haramain-Perfumes/Opulent-Saffron-58863.html
Night Dreams Eau de Parfum Al Haramain Perfumes for women,Al Haramain Perfumes,"[['warm spicy', 100.0], ['woody', 85.151423286086], ['rose', 75.959302865133], ['fresh spicy', 66.767615524058], ['powdery', 63.232384475942], ['iris', 58.282714544678], ['aromatic', 54.040264054989], ['metallic', 47.676588320454], ['earthy', 44.848576713914], ['leather', 44.141357272339]]","{'head': ['Water Notes', 'Orange', 'Aldehydes'], 'heart': ['Rose', 'Saffron', 'Orris', 'Geranium', 'Ginger', 'Black Pepper', 'Cardamom'], 'base': ['Guaiac Wood', 'Musk', 'Cedar', 'Sandalwood', 'Sweet Notes']}",4.0,0,Fragrantica,https://www.fragrantica.com/perfume/Al-Haramain-Perfumes/Night-Dreams-Eau-de-Parfum-53251.html
Amber Oud White Edition Al Haramain Perfumes for women and men,Al Haramain Perfumes,"[['citrus', 100.0], ['floral', 82.896989546065], ['patchouli', 81.309031361805], ['woody', 80.331700956919], ['white floral', 78.865433718015], ['earthy', 63.717084073853], ['rose', 61.76242326408], ['aromatic', 57.853101644535], ['fresh spicy', 56.142909251771], ['warm spicy', 55.654515680903]]","{'head': ['Bergamot', 'Orange'], 'heart': ['Jasmine', 'Rose', 'Freesia', 'Cyclamen'], 'base': ['Patchouli', 'Musk', 'Vetiver', 'Vanilla']}",4.04,0,Fragrantica,https://www.fragrantica.com/perfume/Al-Haramain-Perfumes/Amber-Oud-White-Edition-73210.html
Sophia Violet Al Haramain Perfumes for women,Al Haramain Perfumes,"[['powdery', 100.0], ['white floral', 89.57448840382], ['violet', 89.57448840382], ['floral', 79.14897680764], ['green', 71.70204638472], ['fresh', 62.765825375171], ['citrus', 60.681105047749], ['amber', 59.78724420191], ['musky', 59.78724420191], ['sweet', 50.85102319236]]","{'head': ['Pomelo', 'Green Notes'], 'heart': ['Jasmine', 'Orchid', 'Lily-of-the-Valley'], 'base': ['Violet', 'Amber', 'Musk']}",4.2,0,Fragrantica,https://www.fragrantica.com/perfume/Al-Haramain-Perfumes/Sophia-Violet-53264.html
Classic Al Haramain Perfumes for women,Al Haramain Perfumes,"[['sweet', 100.0], ['woody', 68.88871704683], ['white floral', 59.914540489426], ['vanilla', 53.931446802117], ['fruity', 53.632338515108], ['powdery', 49.743621468277], ['yellow floral', 47.948662430514]]","{'head': ['Ylang-Ylang', 'Mango', 'Plum', 'Rose', 'Bergamot'], 'heart': ['Jasmine', 'Woodsy Notes', 'Ylang-Ylang', 'Rose'], 'base': ['Sweet Notes', 'Vanilla', 'Musk', 'Amber', 'Sandalowood', 'Cedar']}",3.92,0,Fragrantica,https://www.fragrantica.com/perfume/Al-Haramain-Perfumes/Classic-61374.html
